,0,1,2,3,4,5,6,7,8,9,10,11,12,13,14,15,16,17,18,19,20,21,22,23,24,25,26,27,28,29,30,31,32,33,34,35,36,37,38,39,40,41,42,43,44,45,46,47,48,49,50,51,52,53,54,55,56,57,58,59,60,61,62,63,64,65,66,67,68,69,70,71,72,73,74,75,76,77,78,79,80,81,82,83,84,85,86,87,88,89,90,91,92,93,94,95,96,97,98,99,100,101,102,103,104,105,106,107,108,109,110,111,112,113,114,115,116,117,118,119,120,121,122,123,124,125,126,127,128,129
1915-10-01,33.325,33.125,35.525,32.975,34.525,35.85,34.55,34.65,34.05,33.675,33.55,32.25,31.275,36.725,36.425,35.65,35.15,35.175,34.45,32.85,31.775,36.625,36.275,35.925,36.4,34.875,34.3,32.25,38.6,39.55,40.225,42.175,41.55,39.625,38.375,36.75,32.8,31.575,39.0,41.625,43.95,44.175,42.925,42.575,41.9,41.075,39.8,35.425,35.1,41.575,43.2,44.25,44.975,44.1,48.45,48.95,46.575,43.8,42.675,40.05,40.4,41.525,41.825,41.775,39.15,52.825,53.6,52.45,46.875,47.2,41.55,43.5,41.475,43.325,44.15,40.4,45.7,53.325,52.75,49.175,49.15,49.075,43.55,43.225,43.325,46.25,46.6,54.15,50.35,48.45,44.675,45.2,43.55,44.525,43.05,42.425,47.125,45.95,45.725,43.55,44.825,41.375,41.875,40.2,41.325,46.825,46.825,22.825,29.0,35.6,34.975,37.9,36.775,38.325,39.15,39.875,42.3,18.525,26.7,28.25,33.05,32.3,34.7,35.475,41.95,24.55,30.3,30.95,38.2,41.325
1916-08-04,16.3,18.55,19.3,18.15,18.425,21.95,19.6,18.775,17.85,17.45,16.675,25.225,24.35,23.15,23.15,21.125,20.65,19.5,30.625,29.225,26.775,25.55,23.925,22.75,22.175,35.55,34.85,32.65,29.95,28.475,26.9,25.525,23.85,49.25,45.275,42.875,37.4,34.875,34.05,32.05,30.5,27.825,24.775,57.525,53.675,49.25,48.275,43.15,40.55,35.65,34.0,30.85,27.9,26.375,63.85,56.05,55.2,52.0,49.85,41.525,37.475,34.05,29.625,29.625,26.4,74.7,71.025,64.925,61.575,60.7,47.125,44.825,37.0,32.9,28.75,30.35,27.8,69.425,74.375,64.775,60.375,56.825,48.4,44.35,39.5,34.6,31.8,73.975,65.8,66.875,59.15,55.8,48.275,45.975,41.4,35.75,32.2,58.475,60.575,55.6,58.5,52.925,50.275,42.575,40.575,40.425,36.575,26.6,38.1,43.525,44.375,48.4,44.775,41.625,39.775,38.0,35.475,22.1,29.8,33.075,40.3,35.775,34.625,34.2,35.275,24.825,31.6,29.7,31.325,29.95
1917-01-22,23.425,23.775,24.275,23.35,24.15,25.3,25.175,25.325,24.3,24.275,23.975,28.4,28.0,26.025,27.125,24.475,25.975,25.975,31.15,30.55,28.025,25.675,24.725,24.4,25.05,31.025,30.675,29.175,22.775,22.975,22.775,25.525,24.975,33.975,33.05,32.35,27.425,27.175,23.3,23.9,24.55,26.5,25.35,32.1,33.875,34.75,35.275,30.475,31.65,23.675,24.625,23.95,25.725,25.325,36.2,34.925,34.95,33.975,34.625,29.85,28.975,27.825,29.4,28.075,24.85,37.25,39.1,38.1,37.6,39.25,32.825,34.95,30.6,28.9,29.25,28.575,29.825,31.25,39.125,35.4,35.525,37.725,33.975,33.325,33.75,31.05,30.075,36.1,31.55,37.775,36.35,36.7,33.075,34.175,35.475,34.075,30.625,44.675,38.225,32.025,40.4,39.25,38.6,31.025,33.6,33.725,30.7,44.8,42.775,43.65,35.525,40.95,36.5,31.9,30.575,31.25,32.575,45.075,43.525,36.475,41.825,30.05,29.075,29.15,36.2,36.1,39.375,27.625,33.3,35.225
1918-08-31,37.0,34.775,35.325,32.175,31.475,39.75,35.5,34.475,32.8,31.9,30.025,41.125,40.675,34.575,35.675,33.1,32.625,30.825,42.1,41.55,39.3,34.125,32.875,31.975,31.55,40.375,41.225,40.375,31.8,31.575,31.075,23.675,22.525,43.925,42.15,42.025,38.8,38.275,31.65,31.325,31.275,23.2,21.15,41.325,40.75,39.85,41.8,40.05,40.35,29.55,29.8,28.55,21.325,19.7,39.2,35.4,37.275,37.375,37.975,33.375,31.625,29.95,27.1,25.2,18.25,36.4,37.875,37.9,39.05,41.5,34.425,34.75,30.275,28.15,25.15,23.825,19.625,29.275,34.4,33.375,34.425,35.425,32.65,32.05,30.325,28.0,26.95,32.925,30.15,32.85,32.025,33.125,31.1,31.85,30.55,27.925,26.4,40.475,36.55,32.525,34.25,32.725,33.025,29.7,29.925,25.875,23.925,43.45,44.15,40.225,36.425,36.525,33.6,27.95,26.875,25.925,24.45,45.45,41.225,36.75,39.425,29.525,27.3,26.275,26.7,37.725,35.875,27.4,27.325,25.15
1919-07-15,40.35,39.425,40.2,40.625,40.4,43.425,41.35,33.8,32.825,32.425,31.95,46.6,41.525,43.025,34.175,32.65,33.075,31.975,47.975,48.25,44.85,34.225,32.05,31.3,32.575,45.375,48.975,49.0,33.25,31.525,30.325,32.6,29.45,44.075,45.075,46.575,45.075,46.05,30.9,30.825,33.95,31.6,28.675,39.075,40.325,41.95,46.775,43.975,50.425,27.375,29.375,29.075,27.7,19.65,40.6,40.175,39.075,34.925,37.025,31.6,32.275,32.5,31.3,18.9,17.9,31.475,37.8,41.8,36.825,39.7,29.325,34.525,30.425,31.825,29.225,23.575,22.375,25.325,29.5,30.175,33.825,36.275,32.175,31.025,30.8,32.225,31.95,28.375,27.35,29.4,27.7,31.125,31.1,33.4,30.55,28.175,31.15,42.05,35.525,32.1,33.85,29.725,31.05,30.7,31.6,29.125,27.575,55.95,52.85,44.975,36.05,34.25,32.575,29.4,28.925,27.8,27.375,54.2,47.8,37.325,35.625,33.575,31.7,29.55,30.825,41.825,39.125,32.275,33.225,31.425
1920-07-24,25.225,19.625,19.25,18.825,18.175,33.0,30.5,20.375,19.175,18.525,18.025,41.725,35.875,36.15,23.925,22.0,21.65,20.45,47.5,46.225,41.8,27.05,24.325,22.925,23.15,50.375,52.675,51.025,30.4,27.525,25.375,26.2,22.85,55.7,55.4,55.45,51.9,51.35,30.725,29.2,30.7,27.375,23.875,53.95,54.2,54.7,59.05,53.675,59.425,29.075,29.675,28.0,25.45,19.6,59.45,60.075,57.275,50.2,52.25,43.775,43.925,43.575,32.75,20.95,19.45,51.175,59.5,63.825,54.775,57.65,41.65,48.025,41.425,42.55,31.775,36.625,35.1,43.825,48.875,48.025,51.975,54.15,46.8,44.05,42.7,43.65,42.375,48.175,46.05,47.625,43.4,47.275,46.0,48.15,42.975,38.675,41.725,63.85,55.475,50.55,52.025,44.85,45.95,44.5,44.8,42.2,39.125,76.925,74.775,65.35,53.35,49.8,47.175,43.35,42.225,40.075,38.8,73.575,66.575,53.025,51.25,48.0,45.325,42.0,43.325,57.925,54.05,44.975,46.125,43.175
1921-05-25,31.15,31.05,30.95,28.175,27.7,34.875,33.45,32.7,30.9,29.125,28.5,34.025,32.75,35.125,35.3,32.925,32.7,30.75,38.075,37.1,34.2,36.175,34.575,33.175,32.575,40.175,39.85,37.225,38.4,37.6,37.2,35.15,32.525,47.75,45.6,44.0,38.45,36.625,39.275,40.15,40.425,36.8,33.4,51.775,49.35,47.075,47.8,40.5,41.925,40.325,41.05,40.375,36.9,35.15,58.35,55.375,50.275,43.75,43.075,37.3,37.975,37.6,35.6,37.575,36.575,61.375,63.75,61.65,50.15,48.85,38.275,41.875,38.225,37.875,36.075,36.55,38.525,58.225,60.8,54.2,53.0,51.9,43.45,40.95,40.35,40.0,39.45,60.325,55.8,54.35,48.775,48.075,43.375,43.85,40.425,38.275,39.425,50.075,50.35,47.8,48.125,44.4,43.325,38.825,39.3,39.625,37.625,23.725,31.375,37.975,38.0,39.95,37.9,35.55,34.375,33.7,35.0,19.7,25.5,27.975,32.55,29.45,29.725,29.7,34.5,22.225,26.5,25.4,30.025,31.525
1922-07-13,18.375,17.225,16.675,15.975,14.975,24.575,22.225,20.85,19.475,18.475,17.4,37.55,32.6,26.525,24.95,22.8,22.05,20.275,43.575,42.625,38.625,29.05,26.0,24.15,23.8,47.15,49.375,47.825,38.6,36.375,34.95,30.725,26.775,54.125,53.675,53.425,49.725,48.925,40.475,40.125,44.1,34.325,30.125,55.375,55.0,54.825,58.425,52.475,57.5,39.925,42.65,42.25,34.45,32.75,64.05,66.45,63.35,56.0,59.275,50.9,52.675,53.85,48.25,35.525,33.675,60.2,68.45,72.45,62.025,65.85,48.5,57.575,51.6,55.025,48.65,48.3,37.05,54.075,58.55,55.95,59.65,62.075,54.35,52.5,52.8,56.575,57.675,58.0,54.775,55.9,49.9,53.975,52.925,56.625,52.375,49.525,56.6,65.3,59.3,54.65,57.875,49.975,51.675,51.1,53.3,53.7,52.775,65.725,67.45,61.825,51.975,52.05,50.55,48.7,49.125,48.8,50.125,61.175,60.525,50.95,51.675,50.45,49.725,48.425,53.075,53.4,52.475,48.55,52.975,53.475
1923-04-13,19.9,19.85,19.925,18.55,18.85,20.85,20.375,20.175,19.3,19.1,18.8,21.675,21.825,19.85,20.35,19.475,19.325,19.825,23.825,23.1,21.65,20.525,19.9,19.225,19.65,24.05,23.975,22.5,20.675,20.675,20.575,20.5,19.325,26.8,26.05,25.525,22.175,21.4,20.975,21.275,22.65,20.9,19.625,26.55,26.45,26.55,27.375,23.425,24.45,20.65,21.85,21.675,20.525,20.225,29.0,27.95,27.0,25.525,24.3,23.025,22.85,21.975,22.2,18.225,17.55,28.45,30.875,29.075,27.95,25.75,24.575,25.25,24.0,22.85,22.75,20.025,18.45,25.575,28.925,27.1,27.175,27.1,25.575,25.375,25.85,24.225,24.275,27.35,25.825,27.15,25.85,26.4,24.85,25.55,26.225,25.8,24.4,29.875,26.9,25.75,26.35,25.725,25.25,23.075,24.775,26.5,24.125,25.475,25.8,27.425,24.6,24.425,23.25,23.05,23.225,24.275,25.35,23.575,25.075,22.8,24.075,21.675,21.925,22.025,26.45,22.35,23.875,21.2,25.65,27.175
1924-01-03,44.125,44.3,44.625,42.25,40.45,46.25,45.7,45.525,43.2,42.6,38.65,47.4,46.7,45.475,47.075,42.125,44.25,40.325,49.65,48.725,44.8,40.675,38.55,37.375,37.525,47.2,46.775,44.625,36.05,36.275,37.3,37.325,36.075,48.725,47.65,46.95,40.15,39.975,35.225,36.075,34.575,33.0,31.0,43.65,46.35,47.925,49.125,42.85,44.975,34.275,35.525,32.425,30.85,29.8,47.4,44.25,44.025,42.425,42.725,36.35,34.725,32.85,30.875,28.9,26.425,46.775,48.875,47.325,46.35,47.875,39.55,41.45,35.675,32.175,30.575,27.2,26.075,39.325,48.775,43.725,43.425,45.65,40.55,39.175,38.975,35.175,32.875,45.05,39.325,46.45,44.15,44.05,39.175,39.85,40.625,38.2,33.625,52.425,45.75,38.625,48.125,46.4,45.15,35.8,38.125,36.975,32.925,47.45,46.9,49.3,40.95,46.7,41.575,35.825,33.975,34.25,35.025,46.825,45.525,38.85,44.95,32.925,31.825,31.725,38.875,37.275,41.775,29.65,35.575,37.175
1925-10-17,15.55,16.05,18.1,17.85,18.75,18.275,18.0,18.625,19.025,19.725,19.525,18.275,17.575,20.85,21.175,21.375,21.9,21.65,21.475,20.3,19.475,16.95,16.325,22.975,23.3,23.625,23.1,21.525,20.325,17.9,17.4,24.2,23.625,29.075,28.025,26.6,23.5,22.45,21.525,19.725,19.775,25.75,24.575,32.775,32.2,31.475,30.35,26.8,26.275,23.775,24.05,20.5,26.4,25.25,38.225,36.8,34.325,31.425,29.6,26.675,25.75,25.5,25.475,21.65,19.375,41.35,41.675,40.575,35.75,35.15,29.975,30.125,27.4,27.45,27.025,27.2,29.1,40.975,41.4,39.325,39.725,38.475,33.425,32.125,30.9,31.25,29.6,42.375,39.625,39.0,36.65,37.475,34.325,33.95,31.4,29.275,31.95,42.725,39.95,37.325,38.625,35.775,34.45,32.025,31.45,31.15,29.2,35.325,35.85,38.2,34.8,36.425,32.625,30.125,28.975,27.625,27.3,33.375,34.425,30.625,32.075,28.675,28.5,25.7,27.95,29.225,30.65,24.7,27.65,26.55
1926-08-18,16.525,14.775,14.625,11.1,10.5,18.35,16.3,15.85,14.525,14.075,13.3,17.2,16.975,16.375,17.1,15.55,15.375,14.65,25.575,25.125,23.675,24.275,23.925,21.45,22.75,31.575,31.65,30.85,30.475,25.45,27.975,25.425,26.2,39.5,35.0,33.05,29.775,29.325,31.75,28.8,29.925,26.425,26.275,43.625,36.875,31.3,30.225,28.575,29.575,30.35,28.75,29.05,25.85,26.225,44.625,33.425,27.975,25.55,28.125,28.3,31.2,32.75,28.875,25.35,26.275,59.675,51.175,38.425,28.4,26.35,25.3,30.775,31.275,32.675,34.0,32.075,27.1,57.3,61.35,50.875,42.1,34.075,28.125,29.025,30.975,32.3,34.425,63.85,57.325,60.075,53.175,48.275,39.05,36.925,35.425,34.25,35.025,67.925,65.85,59.475,62.9,56.575,53.15,43.375,41.65,39.875,38.4,57.6,65.15,64.225,59.95,64.05,57.725,50.925,46.5,44.325,42.375,58.225,61.025,58.15,64.775,53.7,51.05,47.575,49.05,55.05,60.825,52.55,51.35,49.175
1927-10-18,42.875,42.85,45.175,45.425,47.325,43.5,40.925,40.175,40.225,39.45,39.025,40.075,38.475,39.125,38.4,38.575,38.05,38.125,36.45,35.0,33.975,34.075,33.925,34.575,35.2,30.6,30.675,29.525,28.75,29.975,31.525,33.0,33.0,28.325,27.75,27.125,25.0,25.05,25.275,28.725,31.125,31.8,31.7,26.075,25.8,25.55,25.325,23.55,24.725,23.925,27.0,28.75,30.175,30.625,26.525,25.675,24.05,22.6,22.65,22.1,22.5,23.9,28.05,29.175,28.85,24.825,25.75,25.5,23.275,23.475,21.3,23.15,22.925,24.825,26.675,27.75,28.8,23.725,24.55,23.75,24.225,25.05,22.45,22.8,23.575,26.05,27.15,25.075,23.75,23.825,22.675,23.375,23.725,24.525,24.075,24.225,27.625,27.525,26.125,24.55,25.075,23.05,23.225,23.575,24.375,25.75,26.125,22.925,24.125,26.225,23.85,24.575,22.8,21.325,22.9,23.15,24.575,21.95,23.45,21.275,22.425,20.175,20.325,22.025,25.55,20.6,21.975,18.6,24.75,25.975
1928-04-27,28.45,25.775,25.8,20.325,20.25,28.875,29.0,29.4,25.475,25.375,25.125,28.25,28.875,28.375,29.825,26.3,26.35,27.25,30.375,29.8,28.175,29.125,28.825,30.85,32.65,33.075,33.375,31.65,30.375,28.45,25.675,29.525,28.45,35.825,35.625,35.575,31.35,30.525,31.275,27.125,28.175,29.625,28.35,33.825,35.0,36.325,38.325,33.3,35.1,31.075,27.975,26.7,28.425,28.35,35.775,36.35,36.625,35.55,34.3,32.8,30.95,28.775,25.675,26.95,26.525,30.2,36.125,36.8,37.675,35.7,34.325,34.8,32.15,29.25,27.925,26.675,28.8,22.95,30.725,31.825,34.05,35.525,34.45,34.475,34.625,31.275,29.575,29.475,30.45,33.875,32.75,33.925,32.5,33.55,34.25,32.875,29.525,40.275,43.25,43.05,39.875,35.95,34.05,30.725,32.15,32.625,28.2,26.475,34.275,42.975,39.75,37.6,33.45,31.5,30.875,30.675,30.125,25.1,32.325,31.575,33.4,29.85,29.65,29.175,32.85,26.35,30.15,27.7,33.35,32.95
1929-10-02,48.2,48.65,60.275,56.325,59.3,44.05,43.45,44.5,44.525,51.225,51.8,44.8,43.8,45.575,40.525,40.8,47.3,46.6,48.075,41.65,40.925,41.65,45.475,42.725,44.725,43.1,41.9,41.55,40.775,42.775,44.675,39.85,41.1,46.6,41.775,38.3,34.15,34.8,35.775,40.05,41.35,42.1,42.7,49.525,42.125,36.125,32.85,30.65,33.4,33.95,38.25,41.975,41.125,42.425,52.975,40.25,29.25,24.125,25.725,28.275,32.7,37.425,42.025,40.925,41.125,68.175,58.175,42.55,26.725,22.25,23.175,29.925,33.5,39.3,44.425,43.575,43.475,77.15,71.4,58.95,47.95,38.225,29.625,30.5,34.2,40.75,44.875,77.925,71.075,67.575,59.2,53.7,46.15,42.775,40.175,40.55,47.15,78.275,71.225,66.025,68.25,60.925,57.4,51.475,48.975,48.925,48.15,66.05,67.975,71.525,64.55,66.375,60.45,54.35,52.175,49.35,49.525,62.3,65.625,58.275,60.7,53.625,52.475,50.575,55.5,57.575,59.75,48.45,56.45,56.45
1930-06-09,22.625,16.975,17.7,12.75,12.35,26.225,24.2,24.525,18.1,17.925,17.75,26.475,26.5,25.75,26.7,20.275,19.9,19.675,21.425,21.6,21.25,21.3,21.075,19.875,19.325,25.8,26.2,26.15,26.475,23.275,22.45,21.975,20.075,25.675,26.975,27.875,27.125,27.425,28.55,25.15,25.1,22.9,20.125,23.425,27.325,30.65,31.65,30.325,30.85,29.825,26.525,24.775,22.55,20.075,25.375,29.575,35.45,37.7,38.975,33.225,31.375,28.6,24.95,22.05,18.9,18.05,25.15,29.675,38.075,43.325,36.175,36.225,30.225,27.975,26.325,19.9,18.525,8.575,16.75,21.675,27.2,31.8,34.35,33.95,32.275,29.3,27.05,15.6,18.175,21.2,21.675,25.025,27.9,30.65,30.425,28.725,26.8,28.9,33.55,32.75,29.1,24.425,26.3,25.475,27.475,27.575,26.9,17.825,24.55,33.25,30.7,29.15,25.5,24.55,25.65,25.425,25.275,17.5,23.425,23.05,24.8,23.45,23.725,26.35,26.575,18.35,21.525,23.55,28.05,27.125
1931-05-12,19.45,20.775,21.225,15.625,15.35,20.4,20.3,20.575,20.925,20.325,20.55,20.725,20.6,21.275,22.2,22.275,22.875,22.25,24.125,24.225,22.875,23.2,22.95,21.05,20.725,25.525,26.275,25.325,23.975,23.45,21.15,20.05,18.25,27.475,28.1,28.675,26.1,25.55,24.925,23.175,22.8,20.45,17.975,26.25,28.025,29.575,32.2,28.375,29.975,26.0,23.775,22.475,19.825,18.0,27.55,30.475,31.7,29.85,30.1,26.1,24.925,23.45,21.8,18.85,17.4,22.025,28.15,33.375,31.65,33.875,26.85,28.55,24.8,23.0,21.45,18.15,16.7,15.5,19.95,22.15,26.675,29.7,27.6,26.875,26.05,24.525,22.375,17.6,17.25,19.0,19.925,23.2,22.425,24.9,23.875,22.4,21.775,22.4,20.1,18.675,19.6,19.8,21.65,19.175,20.625,21.375,19.825,23.4,21.525,21.3,19.225,20.025,19.7,19.775,17.35,17.3,17.7,23.9,20.975,19.7,20.875,18.8,19.25,15.725,17.775,19.5,22.3,19.275,16.775,16.525
1932-05-11,11.425,12.975,13.925,7.5,7.65,12.775,13.6,14.525,15.2,15.2,15.675,15.05,15.575,16.675,17.925,18.15,18.875,18.5,19.975,20.325,19.35,19.7,19.525,20.1,20.175,24.8,25.75,24.825,23.375,22.2,22.25,23.425,21.925,28.35,30.025,31.2,28.45,27.6,26.5,26.125,25.775,25.45,22.95,27.15,30.975,34.2,38.0,33.4,34.625,29.325,28.3,26.875,26.0,24.3,28.925,35.125,38.75,37.275,37.15,31.375,31.4,29.975,27.25,25.9,29.95,19.375,29.025,38.675,39.25,43.025,33.875,35.925,31.475,29.8,28.725,26.5,29.825,9.9,16.325,21.525,29.325,35.875,34.225,33.575,32.8,31.5,29.775,12.825,13.6,16.325,18.725,23.85,25.75,29.85,29.45,28.425,28.8,19.375,18.6,17.625,17.975,18.525,21.3,21.325,24.25,26.4,25.875,19.35,18.525,19.575,17.9,18.525,18.425,19.025,19.2,20.425,22.4,20.075,18.025,17.825,19.1,17.425,18.225,17.7,21.525,16.425,20.15,18.05,19.475,20.725
1933-08-10,29.425,31.05,32.325,34.875,36.1,31.35,28.0,27.375,29.825,29.975,29.3,28.225,27.8,26.825,28.075,29.725,30.3,29.775,26.75,26.525,25.1,25.775,25.425,26.775,27.025,25.8,26.65,26.35,26.15,24.775,22.125,23.85,23.1,26.35,25.775,26.025,24.275,24.175,26.15,22.1,22.1,23.325,21.7,23.825,24.4,24.325,25.7,24.7,25.025,24.975,21.325,20.325,21.425,20.2,22.575,23.0,25.4,26.3,27.6,25.35,22.475,20.975,19.05,19.6,15.7,18.825,23.025,25.275,27.275,29.9,25.275,25.675,22.275,20.325,18.8,15.6,15.075,9.8,18.2,21.175,23.6,24.225,23.25,23.475,22.55,20.775,19.525,18.025,19.625,23.825,23.575,24.55,21.6,22.55,22.125,20.475,19.2,32.1,36.1,33.975,32.375,27.925,26.975,21.525,21.5,20.75,19.25,29.95,33.825,35.425,33.45,34.3,29.9,26.35,22.075,20.975,19.6,31.9,32.55,31.425,34.5,28.25,26.8,21.875,21.925,28.925,32.75,27.95,22.775,20.95
1934-08-15,19.7,18.1,19.475,11.025,10.95,22.05,21.475,22.5,20.825,21.3,21.0,23.525,24.45,24.85,27.125,24.625,25.2,24.7,26.05,26.375,25.3,26.225,25.925,26.05,25.675,32.3,33.7,33.275,32.7,30.35,27.075,27.1,25.175,37.775,39.025,40.525,37.825,36.8,38.5,32.4,31.075,29.525,25.75,35.425,40.275,43.475,47.625,45.3,43.975,41.525,35.275,31.725,29.5,25.6,35.075,41.475,51.2,55.325,56.45,48.7,43.625,39.2,31.8,28.475,34.375,22.275,33.9,45.35,56.625,65.475,53.725,52.0,43.025,37.6,33.45,25.925,32.65,7.475,19.0,27.325,37.2,45.85,46.575,46.8,43.525,38.55,34.85,15.675,18.35,24.025,26.7,32.35,34.5,38.925,39.25,36.175,33.225,29.175,35.8,34.175,32.475,29.375,31.175,29.9,32.325,32.625,30.75,20.15,28.475,33.85,32.9,33.7,30.125,28.15,28.225,28.65,27.975,21.825,26.625,27.95,31.9,27.075,26.95,26.85,28.225,22.575,27.65,26.4,27.4,26.05
1935-09-03,19.775,17.925,18.9,12.125,11.425,21.5,20.975,21.325,18.9,18.425,18.2,22.275,22.9,23.3,23.825,21.225,21.475,20.875,25.425,25.325,25.475,25.9,25.45,22.1,22.125,31.175,29.7,29.15,28.775,26.975,26.925,23.675,22.7,33.0,33.25,32.675,30.6,30.2,31.15,29.725,31.25,26.45,23.325,33.5,35.225,36.9,36.5,34.15,33.95,30.8,30.525,29.775,25.225,23.4,36.8,38.075,38.7,36.675,36.7,32.7,32.25,31.625,28.85,24.875,25.525,33.95,36.35,39.275,37.6,39.0,33.8,35.55,32.5,31.875,30.525,26.8,25.15,32.45,33.625,33.1,34.925,37.425,35.025,34.05,33.65,34.125,31.75,33.525,31.625,32.325,31.2,32.45,32.925,34.3,33.075,31.675,32.425,36.075,33.925,32.55,32.25,30.35,31.0,30.9,31.3,31.775,29.875,23.2,28.25,33.65,31.1,30.45,28.925,28.375,29.325,28.625,28.5,21.6,26.6,25.6,27.125,25.65,26.275,27.325,29.675,21.475,24.625,24.0,29.25,28.825
1936-03-17,72.375,68.55,71.0,68.525,70.95,74.3,70.3,67.825,63.25,69.075,67.375,70.575,67.675,67.625,67.075,61.6,68.225,60.25,68.925,66.45,61.425,62.725,60.675,57.625,53.05,55.225,57.5,55.075,51.075,51.3,56.275,55.9,52.35,54.9,52.675,52.05,46.15,45.9,46.525,52.875,57.6,52.825,50.8,49.25,48.625,48.175,50.225,43.875,47.7,42.0,51.325,52.425,48.35,49.4,50.25,47.05,42.275,41.05,41.725,40.125,39.675,39.9,50.175,46.85,39.925,53.225,52.0,48.05,41.675,41.4,39.6,42.475,41.25,41.95,43.1,46.95,42.425,50.95,54.3,45.05,44.575,45.175,40.875,40.975,43.125,42.925,44.4,46.1,35.525,40.85,40.3,42.325,36.875,40.45,41.875,42.8,43.775,32.775,15.45,10.5,23.85,33.6,36.125,32.675,37.35,41.675,40.725,41.675,31.95,19.25,15.625,22.85,27.7,30.4,31.275,35.625,40.825,41.225,31.45,26.925,30.5,27.35,29.925,31.0,42.275,34.125,37.375,32.2,37.475,43.95
1937-10-27,30.175,26.3,28.525,20.375,21.1,31.675,32.175,33.625,28.9,28.825,28.8,33.675,34.0,36.3,37.125,32.525,32.25,32.275,35.725,34.975,34.5,34.925,34.925,38.575,39.7,43.35,43.825,42.1,40.725,37.05,35.45,39.25,38.7,47.8,49.075,49.225,45.3,44.325,43.225,39.1,39.55,41.35,39.725,46.675,50.975,54.65,56.275,51.725,51.875,47.4,41.5,40.0,41.725,40.0,50.05,56.125,59.125,58.25,56.6,51.675,49.55,48.25,40.75,41.25,37.975,38.5,49.325,58.35,59.475,63.15,55.025,55.25,49.65,48.425,46.775,41.3,41.6,25.45,36.975,44.0,52.225,58.775,54.9,54.4,52.425,52.425,48.7,37.075,40.575,44.55,44.6,48.725,50.55,52.95,50.65,47.675,49.075,56.45,65.675,64.525,58.325,49.525,48.9,47.7,47.925,48.125,44.85,35.65,48.5,63.125,59.475,57.425,49.8,44.925,44.65,42.375,41.4,35.45,45.75,45.275,47.725,42.0,41.525,41.0,43.75,36.175,41.875,36.175,43.525,41.675
1938-07-23,15.275,13.7,12.65,10.975,9.825,17.175,15.3,14.175,13.025,12.225,11.55,17.75,15.275,15.2,14.475,13.425,13.125,12.3,29.9,29.45,26.975,26.475,25.0,14.65,15.275,31.825,33.125,32.575,29.225,25.9,26.175,17.55,16.075,36.525,32.85,30.925,28.6,28.925,27.175,26.45,29.9,17.05,15.825,40.475,32.8,27.025,26.05,23.775,28.3,23.475,25.25,26.125,15.2,15.325,46.65,32.85,21.225,15.4,18.025,18.475,21.275,23.55,24.975,14.5,12.15,60.925,52.375,36.225,18.4,14.725,13.25,19.7,20.45,23.7,24.575,23.675,12.4,73.775,62.95,46.45,35.725,26.3,18.825,18.475,20.45,23.725,25.3,66.475,55.7,50.025,39.65,36.3,29.55,27.475,23.875,22.35,25.575,49.125,34.475,29.075,37.925,35.125,34.875,31.55,30.0,28.875,26.925,43.675,42.85,35.25,28.975,31.7,33.175,32.925,31.975,29.95,28.75,35.825,36.0,30.7,32.25,33.825,33.5,31.875,33.325,31.925,33.25,32.925,35.175,34.025
1939-06-28,16.675,16.6,16.8,14.7,14.175,19.675,17.025,16.4,16.125,15.65,15.275,18.6,18.025,16.9,16.975,16.675,16.175,15.875,24.025,23.775,23.2,23.2,23.025,15.325,14.925,25.7,25.275,24.9,25.175,23.775,24.975,17.9,16.775,27.4,25.575,24.5,23.15,23.475,24.925,25.475,26.725,17.95,16.45,28.95,26.675,24.775,23.2,22.05,23.35,23.825,25.2,25.425,17.375,16.35,32.55,26.225,23.375,21.975,23.9,22.6,24.375,24.6,25.3,17.175,17.025,42.5,36.475,26.675,23.325,22.95,21.225,24.7,23.6,24.525,25.5,22.275,17.8,47.325,43.4,34.7,29.025,24.75,23.2,23.2,24.65,24.9,25.55,44.175,38.075,35.9,31.025,29.4,27.0,26.5,25.5,20.2,20.325,36.45,29.175,25.7,30.05,28.325,29.725,26.2,26.725,26.4,21.1,22.9,26.25,29.125,25.75,27.1,26.65,25.575,25.225,24.825,19.925,19.125,23.525,21.775,23.15,21.425,22.025,22.875,19.475,18.35,19.25,17.075,19.825,18.55
1940-08-26,29.8,27.6,28.175,24.65,24.45,32.1,28.95,28.475,26.95,26.675,25.725,29.675,29.4,28.525,29.975,27.875,28.05,27.175,35.075,34.6,32.7,33.6,33.15,28.375,28.7,35.225,35.775,34.975,34.5,34.3,36.4,31.725,31.3,40.825,37.875,36.9,33.7,33.15,35.6,37.2,38.475,32.575,30.925,42.225,38.575,35.45,35.9,34.075,34.45,34.375,37.025,37.125,31.575,30.5,42.375,35.95,35.05,34.65,36.75,34.45,35.375,35.675,36.675,30.775,29.225,49.0,45.575,39.6,36.825,38.35,33.925,37.3,35.35,35.4,36.05,35.15,30.425,48.75,48.15,41.525,38.1,36.325,33.05,33.925,34.8,34.975,36.475,47.075,39.475,41.2,37.975,37.475,34.25,35.275,35.3,31.5,32.525,37.125,31.7,27.425,34.625,35.3,36.55,33.525,35.0,35.7,32.6,24.55,30.75,30.375,28.45,32.675,34.275,32.725,33.5,34.7,32.2,23.4,27.875,28.25,33.3,29.375,31.825,33.125,33.925,26.4,31.45,30.425,35.1,34.625
1941-07-03,25.925,29.0,31.825,29.925,30.85,26.275,28.175,30.5,32.6,34.325,35.55,31.1,29.8,33.075,34.825,35.775,38.075,38.325,38.725,40.2,38.425,39.075,37.975,35.025,36.375,44.05,47.85,47.775,42.775,41.525,34.25,34.075,29.85,49.075,51.675,54.075,52.075,52.075,47.1,41.075,43.95,37.35,32.2,47.175,51.2,55.25,62.175,57.375,63.4,47.775,44.575,42.2,36.325,33.3,53.125,59.3,61.625,56.775,59.9,50.25,50.525,49.475,42.7,36.3,36.1,40.725,53.35,64.225,60.625,67.425,49.25,56.725,48.75,49.375,46.5,37.7,35.025,29.25,38.325,41.95,49.9,56.6,51.975,50.8,49.6,50.95,49.075,37.275,38.375,41.4,38.25,43.2,44.475,49.5,46.85,42.575,46.4,51.975,53.75,51.325,49.275,39.875,40.3,40.15,42.75,45.35,41.625,47.25,53.1,53.65,46.125,43.3,39.1,36.775,36.6,36.825,36.375,43.85,45.575,39.175,38.125,35.5,33.05,31.575,34.075,34.65,33.225,26.075,28.275,29.525
1942-10-14,39.075,41.025,45.325,29.825,30.95,42.05,42.75,44.8,45.85,46.275,46.725,46.0,46.6,49.925,51.15,51.75,51.725,52.175,52.4,51.5,50.875,51.55,51.55,61.725,64.05,56.375,57.65,55.5,53.45,55.5,58.775,69.05,69.125,60.275,65.075,67.125,62.3,60.625,58.325,64.575,66.625,73.725,72.075,55.525,67.15,77.225,82.075,75.35,74.1,65.925,69.275,68.425,75.525,73.925,58.9,76.85,89.475,91.325,87.175,76.525,74.425,72.45,71.1,76.3,79.575,35.25,56.325,80.3,91.9,101.75,86.625,84.475,74.875,73.525,72.8,76.65,84.425,15.75,27.375,42.2,63.125,81.975,81.575,81.4,77.975,78.55,75.025,17.55,18.875,24.75,33.325,47.7,58.725,68.525,69.375,74.2,79.725,24.15,21.0,19.525,24.5,30.45,40.475,47.375,54.9,60.925,69.225,20.725,20.55,23.45,21.4,26.55,31.7,36.825,42.45,46.475,58.375,22.3,23.4,26.475,31.925,34.075,39.55,42.1,56.175,28.675,41.0,42.825,51.425,56.375
1943-01-26,15.275,14.925,14.575,13.425,13.35,17.25,16.8,16.55,15.6,14.925,14.3,17.875,17.5,17.9,18.45,16.475,16.95,17.55,21.65,21.125,19.25,19.625,18.775,17.3,17.425,23.375,23.2,20.875,19.575,19.75,19.525,18.575,17.9,24.9,24.7,24.525,20.975,19.825,20.5,20.85,21.125,19.275,18.05,22.475,24.45,25.825,26.7,22.725,23.25,21.15,21.625,20.575,18.625,17.825,24.625,25.225,26.45,26.575,27.225,23.25,22.025,20.45,20.075,17.8,16.7,23.9,26.075,26.775,27.925,30.3,25.625,27.025,23.175,21.15,19.825,18.325,16.2,19.375,24.55,22.575,23.65,26.425,24.75,24.7,24.9,22.425,20.975,22.025,19.225,23.1,22.3,23.1,21.55,22.95,24.25,23.3,20.525,24.525,21.675,18.375,23.575,22.85,22.825,18.75,20.775,21.425,19.5,18.725,20.575,22.1,18.55,22.125,19.8,17.975,17.675,18.525,19.65,17.575,19.8,17.45,20.775,15.725,15.675,16.3,20.975,15.025,19.225,14.7,18.675,20.8
1944-10-20,32.05,32.2,36.65,36.35,40.775,33.275,33.5,35.225,36.375,37.9,39.675,33.275,33.4,35.675,36.775,37.475,38.55,40.175,37.95,37.35,36.0,36.95,37.7,38.55,40.3,36.3,36.575,37.3,36.375,37.625,38.65,36.75,36.4,38.75,39.325,39.175,35.975,35.275,36.475,38.925,41.175,37.025,35.6,37.8,40.225,42.475,43.45,39.9,40.125,36.825,39.725,40.5,36.45,34.825,40.4,43.575,45.175,44.325,43.075,39.4,38.475,38.325,41.05,35.95,33.7,34.925,39.6,44.475,44.875,47.925,41.575,41.725,37.85,37.75,37.625,37.425,35.725,31.5,32.7,33.75,38.475,43.175,40.725,40.45,39.2,39.925,38.375,31.15,28.75,29.025,29.125,32.55,34.225,36.875,36.025,34.8,37.225,31.3,27.275,25.05,27.375,26.725,28.45,28.5,30.05,31.675,31.275,25.875,25.825,27.7,24.775,25.95,24.375,22.925,22.85,23.025,24.35,23.45,23.775,22.15,22.3,18.85,17.85,16.875,19.475,17.8,18.75,11.675,12.875,14.15
1945-09-17,32.375,36.3,42.225,41.55,44.25,33.525,34.5,37.2,39.55,41.625,44.25,32.6,34.525,36.45,38.95,40.225,43.45,45.025,33.9,34.725,36.825,38.9,39.9,41.25,44.25,33.525,32.125,35.225,35.525,37.025,38.75,42.625,43.85,34.125,35.075,34.875,32.85,32.45,36.925,39.175,43.15,46.15,44.075,33.375,36.5,39.425,39.55,37.075,36.675,33.025,39.1,40.1,43.3,43.925,36.225,39.875,42.425,40.925,40.65,35.675,35.075,34.575,38.625,42.8,49.175,31.25,35.65,41.35,41.6,44.1,37.85,39.575,36.45,36.575,36.15,44.2,50.325,27.85,29.55,30.9,35.125,39.575,38.2,37.4,37.275,38.6,37.225,27.425,25.35,26.575,27.4,30.65,32.55,35.525,35.35,34.975,37.375,28.925,23.5,21.8,24.2,25.35,28.05,29.05,31.2,33.375,33.25,24.475,23.775,24.925,22.325,23.6,24.55,25.75,27.125,28.175,30.0,23.125,23.775,22.45,24.1,23.7,25.075,25.675,29.6,21.975,25.5,24.675,28.45,29.6
1946-06-18,5.375,5.575,5.625,4.95,4.5,9.95,9.15,8.95,8.475,7.675,6.675,11.9,11.925,11.375,11.275,10.45,9.4,8.3,17.325,17.175,14.825,14.175,13.1,11.8,10.725,24.825,24.925,20.85,20.2,19.0,17.65,16.125,14.3,27.6,27.975,28.25,27.125,27.2,23.925,23.025,18.975,16.4,16.5,27.675,29.875,31.825,32.075,30.525,31.05,30.025,25.85,20.3,17.575,17.425,31.15,32.1,35.725,37.05,38.55,33.35,32.4,29.825,23.85,20.125,18.0,30.375,33.775,33.25,38.075,41.95,35.65,36.6,31.1,29.05,27.35,22.5,20.825,24.55,29.75,30.5,32.425,34.025,35.425,35.35,33.225,30.375,28.05,29.25,29.075,30.925,29.35,31.1,32.025,34.125,33.975,29.65,27.375,37.175,38.4,36.375,35.25,30.6,32.275,29.725,31.75,32.4,27.675,24.4,30.425,37.9,34.4,33.0,30.625,28.875,28.825,29.0,25.825,22.75,28.3,26.275,27.2,24.475,25.775,27.0,25.675,21.625,22.725,20.95,24.95,24.275
1947-08-25,12.65,9.725,7.9,5.5,3.825,21.975,19.125,17.5,15.0,12.475,9.375,24.0,23.45,21.95,21.55,18.35,15.975,12.75,28.175,27.45,26.375,25.25,22.55,19.8,17.225,32.1,33.725,31.95,29.975,28.325,25.95,23.875,20.125,35.725,38.125,40.325,37.85,36.775,36.625,34.35,39.325,35.7,23.175,31.7,38.675,43.65,48.75,46.375,44.55,41.425,46.2,42.575,39.1,31.425,30.9,40.6,53.375,58.925,59.5,50.125,48.35,45.55,42.125,38.2,33.95,14.575,27.4,43.075,59.275,70.825,57.875,56.425,48.35,45.125,44.0,39.725,38.275,2.6,8.95,17.875,30.9,44.025,47.125,47.625,47.7,44.95,44.85,2.125,2.65,5.975,11.55,20.175,26.925,33.85,36.05,41.2,41.65,0.675,1.075,0.725,3.6,7.925,13.6,17.525,22.525,25.65,35.75,1.15,0.7,0.525,0.475,0.725,6.65,9.225,12.275,15.35,26.55,0.825,0.825,0.85,1.2,1.3,7.0,8.525,17.675,1.225,1.7,2.225,5.825,11.75
1948-04-12,37.175,34.85,32.25,27.4,25.225,39.45,36.725,34.25,30.625,28.075,25.375,37.4,36.475,33.875,33.35,30.325,28.425,27.4,41.225,39.2,32.9,32.55,30.575,28.45,27.85,40.5,40.55,36.45,34.075,33.325,32.1,29.85,27.325,42.25,40.7,39.875,34.975,34.225,33.65,33.875,32.6,30.75,27.975,40.4,39.1,38.55,39.675,34.475,36.875,33.275,36.25,31.025,30.15,26.675,42.55,38.975,36.45,34.425,33.6,32.975,32.65,31.775,31.425,27.225,26.475,43.55,43.2,38.45,36.225,33.775,33.225,35.1,34.075,32.825,33.35,32.975,27.55,43.525,44.15,37.4,35.675,35.025,33.375,33.55,36.05,34.35,34.725,41.25,36.35,36.025,33.35,33.425,31.275,32.3,33.475,30.15,28.65,35.425,28.025,25.525,29.425,30.1,29.675,27.075,29.125,30.8,25.45,30.075,28.65,28.725,25.15,25.8,25.025,23.975,23.675,24.725,23.25,25.225,26.25,23.075,23.125,19.375,18.6,17.875,19.225,20.375,19.5,11.95,14.075,15.15
1949-06-17,34.3,32.95,35.45,34.675,33.95,40.25,36.0,32.875,33.525,34.425,34.0,42.475,41.1,37.875,35.125,33.55,32.925,32.875,48.075,47.15,41.225,36.4,34.525,35.65,33.175,56.65,56.55,53.55,46.625,41.525,39.6,33.425,31.375,48.75,51.9,56.05,60.775,61.275,41.975,39.9,41.625,37.625,32.1,43.95,47.5,50.25,52.175,53.6,53.575,42.625,40.85,39.175,34.0,25.15,45.85,46.675,50.35,50.225,53.875,48.825,48.075,41.8,37.475,31.325,24.175,38.75,46.825,46.4,52.85,52.425,46.875,45.9,38.6,36.7,30.5,31.675,27.0,32.725,40.875,42.275,44.75,46.35,47.375,46.475,41.225,36.525,34.2,37.525,43.375,49.025,40.9,43.525,44.75,45.6,44.1,37.525,33.5,52.6,56.6,52.5,59.375,60.475,68.35,61.9,56.225,35.875,35.175,37.9,56.6,66.125,63.5,76.075,76.2,86.65,86.95,76.225,53.75,45.275,66.825,85.1,103.1,97.85,95.65,96.3,84.65,76.375,102.425,110.95,116.825,86.25
1950-09-21,27.8,29.15,31.55,28.725,27.125,28.025,28.45,29.4,28.9,28.75,28.175,34.475,35.675,33.85,30.175,30.35,29.775,28.2,37.8,34.5,30.9,29.9,28.375,26.425,26.05,48.575,44.3,39.05,28.525,23.2,22.575,22.15,24.275,53.875,54.575,49.375,52.375,50.7,21.8,16.85,17.975,21.5,25.425,46.55,54.0,54.65,53.925,47.025,39.95,22.075,19.5,20.925,25.45,30.55,54.15,60.125,54.475,46.0,48.0,37.2,28.8,20.425,18.425,23.625,31.625,42.9,52.65,60.125,48.625,46.1,41.975,39.775,25.225,17.05,17.125,21.625,27.325,27.375,33.725,43.675,47.625,48.275,42.125,38.825,33.35,20.875,14.65,25.575,23.825,27.725,31.95,40.925,41.825,40.25,34.775,26.025,15.775,29.25,22.025,20.25,22.675,26.825,32.65,31.475,35.075,22.875,17.775,25.15,25.65,24.65,21.975,23.4,23.15,18.525,16.4,11.925,13.275,27.625,26.025,24.2,26.25,21.65,17.6,14.325,12.0,22.775,24.7,14.35,13.1,10.5
1951-06-13,30.3,33.1,39.95,25.25,20.125,36.275,27.45,25.95,24.675,19.775,19.125,38.775,35.45,27.725,22.875,21.475,22.425,20.85,36.0,35.225,29.8,24.95,21.4,21.825,25.35,39.225,43.7,41.125,33.625,30.4,30.05,28.3,27.8,30.55,30.15,35.15,49.325,50.35,26.6,30.85,36.075,31.325,29.675,26.225,25.9,23.325,30.05,37.475,39.7,27.375,28.6,32.6,33.425,31.4,30.0,30.075,32.875,33.85,39.225,35.6,32.5,30.525,33.475,33.225,32.175,35.475,35.25,31.325,37.45,37.075,32.35,33.425,33.475,28.5,28.525,34.025,31.675,34.975,33.275,30.375,29.425,31.85,33.525,33.025,32.7,30.05,30.225,36.175,31.575,26.475,22.0,23.45,27.15,30.625,31.25,30.975,30.625,37.75,33.9,31.075,22.125,16.325,21.4,23.95,27.35,29.075,30.55,24.525,24.35,28.975,25.7,22.075,19.9,20.0,21.675,22.375,25.65,17.75,23.075,18.275,17.65,18.775,20.925,23.5,26.575,20.9,19.075,23.45,28.775,30.7
1952-11-21,62.425,67.75,70.925,68.85,70.55,54.65,60.3,64.625,65.15,68.275,68.375,51.65,58.475,62.55,58.65,57.325,60.025,66.95,61.975,55.55,50.6,53.25,52.975,51.425,55.2,57.6,60.25,55.75,45.725,41.25,40.825,44.175,44.95,55.95,55.1,58.9,60.4,59.325,40.95,36.175,32.775,38.575,40.675,47.525,48.925,50.275,57.825,54.15,57.25,39.25,39.95,37.575,38.7,41.425,51.575,52.75,46.85,38.4,44.025,38.25,39.05,39.05,40.225,42.3,46.25,37.125,50.8,58.1,44.275,45.45,31.35,40.625,40.05,36.65,41.95,46.75,50.925,28.75,33.225,36.125,44.4,46.425,36.85,36.275,37.25,40.625,39.1,29.575,30.5,31.225,29.45,36.6,35.725,39.725,35.925,35.425,42.775,32.0,34.725,33.575,32.075,28.5,31.675,31.8,35.375,34.1,32.275,25.375,29.875,34.8,30.925,31.15,29.075,28.5,26.675,25.45,26.7,24.85,28.875,28.375,31.875,28.475,28.425,24.4,28.025,26.1,29.875,24.325,29.075,26.45
1953-03-24,15.775,15.575,14.325,15.925,17.675,19.75,16.25,16.75,16.275,17.175,17.025,22.375,18.05,18.15,18.825,17.225,18.325,17.7,25.7,28.45,24.625,21.6,18.95,20.375,20.25,25.425,28.625,28.725,27.025,27.425,27.0,26.875,24.475,19.3,18.85,22.175,25.425,25.85,28.275,31.15,34.25,31.1,28.5,15.575,15.8,15.825,19.15,21.65,28.825,26.7,30.175,30.8,29.475,26.5,15.95,15.075,15.1,15.525,17.15,20.5,24.75,26.175,28.15,27.525,25.825,21.7,18.25,15.95,16.575,15.05,14.675,17.925,21.075,24.45,26.425,26.725,25.075,20.125,23.625,21.2,18.25,18.6,15.875,15.6,16.175,18.65,23.95,22.225,18.8,24.225,24.05,22.3,17.65,17.925,17.775,17.625,18.525,19.45,17.975,16.25,23.6,27.125,23.075,18.9,18.475,20.775,19.275,11.95,11.75,14.925,15.075,17.525,18.45,18.0,17.625,19.2,20.975,8.225,10.075,9.45,10.8,12.2,14.675,17.25,22.7,9.25,10.4,15.725,20.95,23.975
1954-10-15,90.775,89.775,96.0,94.825,98.8,88.0,87.0,87.025,88.95,95.65,94.9,89.625,85.65,85.95,76.025,75.2,79.65,88.075,95.275,77.25,70.85,69.425,69.925,69.6,72.475,98.125,90.5,80.7,66.775,56.825,53.1,56.025,59.95,103.0,97.675,95.25,91.825,90.2,69.025,44.55,33.65,48.05,54.175,107.0,99.7,92.725,96.725,91.775,85.325,70.2,60.925,49.55,51.375,50.85,107.575,104.2,100.925,95.95,94.925,88.2,70.775,65.675,62.425,57.35,56.2,99.975,108.9,109.075,100.975,101.275,90.65,94.225,89.225,71.65,70.1,63.475,63.925,84.275,90.05,93.0,99.925,104.0,94.35,94.325,94.5,98.225,80.5,84.625,83.375,85.35,83.125,91.025,92.0,96.425,93.95,92.2,99.7,86.125,89.6,84.075,87.3,82.375,85.85,85.275,90.275,80.75,77.5,73.025,82.375,89.55,81.65,85.225,81.075,72.3,68.925,52.975,50.5,76.7,81.175,74.425,79.175,67.25,63.0,47.075,46.475,74.225,75.675,40.85,39.125,35.625
1955-06-08,48.55,56.175,64.375,51.275,46.15,46.45,44.675,46.575,47.225,46.55,45.75,46.675,48.6,45.025,38.725,36.025,41.725,42.825,59.75,61.4,53.5,43.725,38.125,42.625,46.375,59.9,67.825,68.275,64.75,60.55,57.825,60.375,62.15,42.0,41.175,52.1,68.375,71.45,70.125,66.95,66.975,68.25,70.475,41.475,37.925,34.55,42.1,56.45,68.45,67.675,71.725,70.8,75.375,80.65,39.775,34.5,40.15,43.475,51.775,57.85,64.575,68.6,74.9,77.95,87.225,41.225,40.375,35.6,46.15,47.725,41.4,49.5,55.8,60.75,74.575,78.075,85.55,32.05,31.9,32.725,34.875,38.9,42.375,46.175,51.1,60.9,65.475,33.0,28.975,26.075,22.425,27.4,32.55,37.325,50.0,55.625,64.425,33.95,32.075,29.5,22.7,17.825,23.425,27.45,40.275,48.3,62.5,21.15,24.35,28.3,25.2,22.525,20.925,23.025,26.95,35.125,52.325,18.3,23.775,19.225,18.95,21.875,26.375,37.65,45.425,22.175,21.975,38.3,50.275,56.4
1956-08-05,33.725,33.425,36.525,32.1,30.975,31.25,30.675,30.325,30.275,31.1,30.1,27.25,29.125,27.525,26.75,25.2,27.775,29.175,32.1,24.425,22.65,23.525,23.85,24.0,26.6,39.95,30.875,24.8,22.3,21.0,20.775,20.075,19.65,60.85,53.525,42.425,28.95,26.975,22.425,19.2,18.4,18.85,17.85,67.25,56.5,53.3,49.625,36.475,28.1,22.85,20.8,19.125,18.225,16.225,54.275,44.9,46.85,46.525,46.625,34.575,26.825,21.6,18.975,17.35,15.675,56.55,50.525,48.0,46.925,51.425,44.75,43.7,32.875,25.9,19.975,18.775,17.525,52.9,59.775,49.85,45.65,45.425,41.575,39.9,37.125,29.975,28.25,60.875,54.2,58.65,56.25,50.7,44.875,45.5,37.025,32.675,28.35,70.05,63.475,56.375,59.875,57.8,57.325,50.0,42.925,39.425,30.0,62.375,69.525,62.175,56.1,59.725,57.075,50.95,49.05,43.2,35.575,69.75,64.375,51.775,54.175,46.775,46.35,40.25,41.125,56.325,54.25,38.575,38.95,35.925
1957-10-06,34.375,32.225,33.925,30.225,27.35,36.175,35.875,35.35,33.325,32.125,29.35,38.15,38.3,38.2,40.375,41.0,36.2,32.25,47.575,38.475,37.075,38.4,38.75,36.175,34.8,46.15,42.725,37.725,33.15,29.8,28.675,31.625,34.5,46.15,49.525,48.775,40.85,39.65,34.275,24.0,19.275,28.275,35.275,39.45,46.675,54.7,52.625,44.775,40.425,34.675,31.4,27.8,32.8,41.325,44.325,45.475,46.65,46.55,46.7,41.725,34.8,33.0,34.975,38.275,43.3,38.025,45.05,46.575,45.725,49.375,43.875,45.575,43.3,38.5,41.025,42.175,45.25,31.375,35.6,39.35,44.975,47.55,44.625,44.725,45.2,48.7,48.925,31.625,32.65,35.875,36.775,42.575,42.675,44.775,44.75,44.5,49.725,33.225,33.2,31.15,39.325,39.825,40.35,39.575,43.65,46.0,41.625,31.025,35.375,36.95,33.825,38.475,37.5,33.75,32.025,25.4,26.875,35.8,36.025,35.3,39.15,32.3,29.5,22.55,21.9,33.575,36.8,19.45,18.075,16.2
1958-05-05,28.05,29.675,29.85,28.6,28.275,25.025,28.55,29.9,29.05,28.6,28.6,25.1,27.7,30.7,30.725,30.175,30.0,29.125,34.275,31.325,28.85,29.375,29.275,28.225,27.325,32.675,32.5,30.9,27.175,24.475,23.525,24.85,25.025,30.85,30.375,31.775,31.4,31.15,28.825,21.525,17.95,22.575,24.175,30.475,28.325,28.725,30.4,29.0,32.075,27.5,26.15,22.75,23.95,26.125,28.0,23.85,23.775,21.85,23.975,24.025,24.15,25.25,24.75,25.0,26.85,25.825,25.9,25.3,23.425,22.525,19.05,22.725,24.95,23.975,26.475,26.95,27.775,21.575,22.25,21.4,21.6,23.2,21.275,21.475,23.35,27.175,28.75,22.45,20.4,19.675,18.1,19.275,19.2,20.95,22.9,24.175,28.025,22.775,21.325,19.825,18.625,16.975,18.325,17.9,21.025,23.725,24.025,17.1,19.575,20.325,18.85,18.55,17.775,15.8,15.45,13.0,16.55,17.525,19.425,17.95,18.675,15.35,14.35,12.0,13.125,19.35,18.65,11.05,11.575,11.6
1959-09-30,31.775,37.025,40.95,42.4,41.625,26.0,26.275,28.975,33.55,43.05,42.675,31.375,28.4,25.7,12.7,9.925,22.875,31.625,50.175,36.425,26.7,15.075,9.9,16.45,22.45,63.025,58.625,47.825,36.5,27.85,23.575,19.2,19.95,54.925,60.425,63.725,62.1,61.025,41.2,27.975,23.6,24.25,23.375,45.15,56.75,65.225,66.725,62.9,54.525,40.5,35.775,30.6,30.2,25.425,56.725,62.6,65.525,65.625,68.425,57.775,45.225,39.3,31.95,30.7,28.525,42.55,60.925,64.975,65.225,72.075,61.9,64.95,56.55,46.45,38.05,36.0,32.9,22.775,31.075,44.85,59.325,65.05,63.95,62.2,61.525,61.2,58.475,21.15,24.95,31.125,34.525,50.2,54.325,59.8,61.45,59.025,60.775,21.75,19.9,20.1,35.55,38.35,41.325,43.0,53.525,57.675,56.95,21.425,30.35,31.325,31.15,39.8,40.6,38.325,37.05,42.125,43.575,28.35,40.175,52.125,61.95,47.3,39.6,34.65,41.9,47.975,57.225,33.675,32.2,39.875
1960-05-08,59.6,64.475,69.075,58.275,55.95,55.6,55.55,56.6,55.575,53.825,54.1,58.175,55.7,53.775,49.15,45.95,51.75,52.625,65.975,65.025,55.925,49.825,45.825,48.525,51.95,64.25,71.85,68.75,59.925,55.775,54.1,55.95,56.25,50.925,51.625,62.15,71.225,71.4,60.675,57.65,57.025,59.425,60.175,48.725,47.375,45.35,56.35,60.1,70.475,59.35,61.025,60.65,63.85,67.45,48.9,43.55,47.8,48.75,54.625,54.725,55.225,59.9,62.55,64.85,70.75,48.0,49.925,48.025,53.275,53.95,44.1,53.7,57.575,57.05,65.95,68.45,71.875,38.15,37.25,40.85,44.775,51.625,48.875,50.825,55.275,64.45,68.225,37.45,33.15,31.05,28.125,36.15,39.375,45.2,53.825,57.375,67.175,34.5,31.575,28.8,27.875,25.5,29.275,33.125,45.875,54.2,59.075,26.875,29.7,29.65,27.2,26.875,26.025,25.275,26.0,34.3,44.05,27.85,29.225,25.55,25.975,23.975,25.325,26.6,38.05,28.45,28.275,28.45,34.475,38.625
1961-02-08,23.325,26.05,29.75,22.65,21.325,22.925,21.9,22.4,21.575,20.025,19.9,22.45,22.125,21.95,19.625,18.1,19.55,20.45,26.65,25.4,21.775,19.75,17.775,18.225,18.55,25.575,26.675,26.55,23.0,20.625,18.95,20.075,20.9,24.05,19.15,23.225,25.775,25.8,26.175,19.925,17.2,20.725,22.7,27.775,20.15,12.775,19.975,22.925,26.625,25.125,24.525,21.325,22.9,25.825,21.675,17.275,18.075,20.925,22.65,25.125,23.35,22.5,23.5,24.15,27.475,25.775,22.125,19.275,23.35,23.775,22.125,23.95,26.2,22.65,24.925,25.675,28.1,23.125,21.95,19.75,19.825,24.1,22.225,23.65,24.325,25.875,26.5,22.55,17.3,16.5,13.65,16.775,17.375,20.3,24.525,25.225,24.85,16.825,14.75,12.275,13.1,10.925,13.0,14.525,19.925,23.325,22.8,9.0,11.3,12.55,10.95,12.3,11.75,10.55,10.75,13.8,18.575,8.35,12.225,11.55,13.1,10.05,10.375,10.875,16.325,13.575,13.85,11.375,14.45,16.6
1962-03-06,22.55,22.925,23.15,20.125,19.975,23.725,22.45,21.9,20.6,19.675,19.175,27.675,25.85,23.4,22.125,20.375,21.225,20.7,31.65,30.8,25.95,23.3,20.725,20.9,21.825,30.575,35.225,32.75,27.05,25.325,24.675,27.8,28.75,26.65,27.075,31.35,34.7,34.5,25.425,25.725,28.2,29.925,33.55,22.45,24.35,23.65,28.425,30.275,33.0,24.925,27.075,29.0,33.2,40.725,26.9,28.85,25.925,25.075,26.675,26.6,26.525,26.975,31.7,36.275,44.1,29.475,30.225,30.475,26.275,26.075,24.775,28.375,27.875,29.1,34.725,38.1,42.975,27.725,33.7,27.85,27.8,28.775,25.825,27.375,30.475,32.05,34.375,32.15,27.85,31.8,28.575,26.9,23.925,25.9,29.975,32.325,35.35,33.2,35.225,32.25,28.175,25.575,25.2,23.375,26.175,29.95,30.5,21.875,26.075,29.25,28.25,26.4,24.025,23.175,23.625,25.95,31.325,18.0,23.025,20.65,21.375,20.175,22.5,24.575,31.85,22.025,22.175,24.425,31.525,36.575
1963-11-07,28.65,26.3,25.125,27.5,28.9,30.925,28.5,28.4,27.65,29.05,29.0,29.425,29.65,29.1,30.9,30.55,29.75,29.775,28.85,29.15,28.25,30.4,29.85,29.125,29.125,27.975,28.65,27.55,26.35,26.8,27.575,29.5,29.075,34.5,31.875,29.975,26.55,26.075,23.825,28.025,28.8,29.05,29.3,35.05,29.125,29.85,30.075,27.375,29.05,23.15,26.75,27.85,28.75,30.725,28.8,25.575,20.9,16.275,19.075,16.775,23.775,26.775,30.125,30.6,32.375,23.5,26.25,26.975,15.675,20.875,13.875,20.425,22.075,31.825,34.025,33.75,34.475,25.325,27.425,22.175,22.525,20.5,14.825,17.35,21.875,30.575,36.825,26.7,26.975,28.175,27.525,26.425,21.025,20.65,21.25,26.075,38.425,29.7,26.825,25.55,31.45,30.525,29.775,24.2,25.75,29.375,31.675,28.525,29.75,30.25,26.7,29.775,29.475,28.35,28.65,31.175,33.05,28.5,30.8,29.225,32.75,28.275,27.825,27.05,35.825,28.8,31.725,26.3,33.225,35.05
1964-04-29,41.1,44.425,47.475,36.8,33.55,41.325,42.5,43.7,40.025,34.775,33.95,42.5,45.85,43.4,47.775,47.05,43.475,39.875,48.025,53.125,51.05,50.85,47.525,45.325,44.45,48.375,56.325,56.8,52.325,48.85,47.575,45.75,42.05,43.6,52.675,60.225,63.125,62.35,51.35,46.55,47.975,44.25,38.425,31.625,46.95,55.05,62.25,59.325,62.1,49.825,49.325,46.225,41.85,32.525,48.4,55.675,56.925,57.0,57.575,56.55,52.05,45.85,38.35,33.525,27.275,39.925,56.025,57.375,60.75,57.55,55.7,54.05,48.175,39.875,34.3,32.625,30.25,26.075,34.675,43.8,52.9,56.5,56.675,53.925,50.6,41.0,36.3,26.725,25.925,32.9,34.475,46.075,48.025,52.75,51.05,44.5,33.875,27.975,25.95,24.85,32.8,36.45,35.25,38.575,44.0,45.275,37.825,23.8,22.05,25.775,23.475,25.65,26.9,26.775,26.425,27.3,34.95,20.45,19.875,16.2,17.075,19.175,21.85,22.975,28.35,15.775,16.85,19.35,24.725,27.2
1965-03-05,33.625,31.525,29.0,32.75,36.675,33.975,34.8,34.725,34.025,35.55,35.3,33.025,33.725,34.7,38.85,36.75,36.825,37.425,33.45,36.275,35.425,37.8,36.85,35.925,35.825,30.8,34.7,36.15,35.0,34.95,34.875,37.575,35.975,29.775,31.45,34.075,34.175,34.65,34.6,35.1,37.6,37.35,36.8,27.875,27.525,29.425,33.1,33.075,37.55,33.025,35.975,35.975,35.95,37.725,25.925,23.4,24.35,27.025,29.7,30.525,32.925,33.025,35.1,35.45,37.225,22.125,26.7,24.35,25.575,29.35,27.075,28.775,30.725,32.6,34.5,35.8,37.65,14.4,20.225,22.325,26.45,28.7,27.125,27.8,29.575,31.6,32.275,16.075,15.2,22.025,23.575,27.925,24.5,26.65,28.8,29.9,31.175,16.225,14.325,13.05,23.55,28.25,24.875,22.375,27.525,30.2,29.125,15.4,15.925,15.975,15.925,20.6,21.225,20.25,19.425,23.225,27.475,15.225,16.125,18.125,21.975,18.075,18.15,18.5,25.975,16.775,20.75,17.325,20.825,24.075
1966-09-14,30.575,36.2,43.0,31.9,28.9,26.7,29.2,30.7,30.925,28.05,27.75,23.25,24.45,28.2,28.225,26.8,28.875,28.85,25.375,28.2,28.875,28.4,26.625,27.575,29.075,26.225,27.875,30.45,31.6,31.15,30.625,32.525,34.425,29.925,28.175,28.5,29.4,30.175,35.35,33.6,34.075,37.0,38.325,33.475,31.925,28.575,30.775,32.4,32.8,32.6,35.85,35.525,38.3,43.55,35.25,34.85,36.25,36.775,36.1,33.3,33.825,33.4,37.85,41.175,46.025,36.4,37.175,36.925,38.85,44.575,35.7,39.825,37.3,37.25,39.5,42.1,44.95,34.5,35.45,35.875,37.175,38.95,37.35,36.75,37.125,40.725,39.725,34.425,32.4,34.225,33.3,35.0,35.15,38.3,37.925,37.825,41.1,36.25,32.525,30.925,34.775,33.95,35.275,35.2,36.125,38.175,37.975,31.65,34.775,35.375,32.65,34.5,34.45,34.4,35.225,37.075,38.625,32.625,38.0,36.25,38.8,35.1,35.425,35.575,41.475,37.775,39.7,37.45,43.05,44.0
1967-03-06,42.075,38.775,35.2,40.75,44.025,50.575,44.025,41.05,40.275,45.05,44.15,50.875,46.2,41.8,40.45,38.075,40.7,43.175,50.3,43.3,37.45,35.85,36.825,36.075,38.0,44.475,40.95,34.975,29.35,29.625,29.85,33.3,32.35,38.3,34.525,34.25,28.475,27.7,28.975,28.5,29.975,31.725,32.725,36.125,31.8,28.65,30.275,26.75,30.575,27.425,29.825,29.55,30.525,34.45,34.65,33.725,28.3,24.0,24.75,24.475,26.075,27.275,30.225,31.425,34.425,36.35,36.9,34.875,25.85,21.0,22.55,26.6,26.15,27.0,30.475,32.075,34.425,35.025,44.875,35.45,33.8,30.65,25.8,24.825,27.075,28.15,28.65,41.6,37.775,46.5,44.55,41.0,32.5,30.25,29.7,29.475,28.9,50.425,47.825,42.725,45.425,46.125,41.625,33.95,31.275,31.6,28.725,52.7,51.225,46.85,42.75,43.5,39.75,34.575,32.125,28.725,29.45,51.575,44.675,36.25,37.275,29.85,28.45,27.2,29.475,36.85,35.85,21.575,22.65,21.625
1968-05-24,31.825,32.6,32.925,29.375,28.975,36.45,36.45,35.2,33.0,29.1,28.75,37.825,36.1,36.05,38.475,36.625,35.75,33.475,41.125,37.4,34.35,36.1,36.3,35.55,35.55,40.25,37.075,32.325,30.975,33.425,35.0,35.25,32.275,41.6,43.625,40.25,27.75,25.95,28.175,35.5,39.525,35.225,29.6,31.25,42.45,49.25,48.125,32.975,31.975,28.625,31.325,33.55,30.325,25.525,43.375,47.15,45.3,40.225,39.425,30.4,29.925,30.2,30.475,27.4,23.025,36.9,45.25,51.375,43.675,44.075,35.825,37.8,31.125,33.7,30.375,28.8,26.275,33.625,43.425,41.3,44.15,47.15,41.4,39.0,38.8,36.0,35.575,42.65,43.175,46.2,44.9,47.75,44.4,42.675,39.65,36.95,35.675,61.75,59.35,55.7,50.05,46.375,48.6,45.575,41.025,39.6,37.2,67.825,63.15,63.15,55.975,54.0,47.7,45.0,43.95,38.775,35.975,67.9,55.975,49.475,51.675,44.4,42.175,36.5,40.6,45.1,49.675,34.8,37.525,37.425
1969-08-10,10.725,9.7,11.325,11.225,11.4,14.25,14.15,11.35,11.85,11.575,11.3,15.825,15.35,13.15,13.275,12.625,12.525,12.075,15.35,15.125,13.825,13.375,12.75,12.9,13.2,15.6,16.275,15.375,14.475,14.25,14.125,14.925,15.625,22.825,20.65,18.65,15.9,15.25,15.275,14.75,14.8,15.8,16.7,23.825,22.1,21.2,21.025,17.85,16.225,15.2,15.475,15.475,16.75,18.525,23.65,20.7,21.925,22.025,21.05,16.9,16.025,16.175,17.675,18.4,20.0,31.25,25.375,23.675,24.825,25.175,20.025,21.7,18.825,18.775,19.875,20.025,20.625,33.675,38.275,34.425,28.925,28.675,25.775,26.3,22.3,22.35,23.475,39.8,37.525,40.65,38.875,38.675,35.025,29.25,27.825,25.95,25.25,49.325,48.5,43.6,43.825,41.3,41.9,37.675,33.575,30.15,28.45,51.7,53.2,48.875,44.225,46.575,42.825,39.025,39.475,36.425,32.05,53.275,48.825,42.45,46.225,38.75,37.275,34.6,37.025,42.35,44.55,33.275,34.65,34.75
1970-08-23,28.0,26.7,27.425,26.025,26.65,32.425,28.2,28.225,27.225,26.275,25.675,32.075,31.575,30.725,31.975,31.325,29.45,28.2,35.275,33.95,32.1,30.975,31.2,29.9,27.9,32.35,31.65,29.275,28.25,27.25,26.575,27.25,27.25,31.375,28.95,29.35,26.25,25.825,33.375,25.525,21.525,25.2,25.2,32.45,27.8,25.275,27.0,27.275,28.55,31.4,30.175,25.275,24.525,24.0,29.425,24.15,25.75,27.05,30.525,28.675,28.975,28.425,26.925,24.825,23.475,37.9,30.925,26.5,27.825,30.4,28.075,32.275,28.975,28.2,27.1,26.0,25.15,41.875,42.275,36.05,31.15,31.0,27.375,28.375,28.8,29.025,29.0,45.7,40.45,40.3,37.225,37.425,34.6,29.9,29.5,28.525,29.575,46.95,44.45,39.675,39.45,37.075,36.55,32.35,29.95,27.65,27.575,38.875,38.625,39.025,35.975,36.75,34.975,30.65,29.975,23.225,23.55,34.75,33.725,26.475,27.225,25.075,25.225,20.325,20.6,28.125,25.7,17.375,17.25,16.775
1971-01-01,20.125,16.975,11.575,25.1,30.375,23.35,25.15,25.85,26.325,32.075,31.775,26.975,27.925,29.85,34.2,31.775,32.55,31.65,29.05,30.0,29.175,32.45,32.075,31.875,30.5,27.325,27.375,27.175,27.875,29.625,30.35,32.7,33.45,26.475,27.825,28.175,23.5,23.575,27.075,30.6,33.075,33.95,35.125,20.1,25.875,29.7,30.25,25.7,27.5,26.85,30.15,31.65,33.525,37.875,25.675,27.875,28.8,28.25,30.025,27.175,27.525,28.1,32.8,34.5,38.75,24.175,27.65,30.425,30.75,31.825,28.1,32.3,30.525,30.075,33.45,35.2,37.725,18.85,29.45,28.575,29.15,31.575,30.6,31.5,32.725,31.975,34.375,22.75,22.125,31.6,32.35,32.675,29.325,32.025,34.525,35.025,33.45,27.35,29.425,25.6,36.25,37.775,36.75,29.575,33.075,35.425,33.7,26.6,27.825,32.175,27.775,34.775,32.7,30.875,30.975,33.675,36.85,25.5,28.375,27.825,34.925,26.725,28.35,30.4,40.8,25.425,32.45,26.875,35.55,39.825
1972-06-22,54.6,53.05,48.05,75.675,88.35,50.225,64.425,66.65,74.75,86.9,88.425,37.525,47.2,67.125,80.275,81.525,79.375,84.45,30.575,40.95,53.15,71.55,79.35,75.675,77.425,25.7,30.075,35.25,45.775,51.475,56.375,63.55,63.475,22.375,22.875,25.8,32.475,35.175,34.225,47.7,57.2,58.5,60.85,25.4,20.525,18.875,20.95,25.875,33.5,32.45,40.85,49.0,53.775,64.5,20.4,15.5,17.675,21.525,26.25,33.5,36.025,44.35,55.575,60.1,67.925,20.325,18.625,14.45,16.45,22.4,22.05,40.25,53.275,60.275,63.175,64.925,69.3,17.525,17.625,16.45,16.125,16.275,27.925,37.55,50.6,64.675,74.8,19.675,18.325,17.9,17.45,18.025,17.775,33.425,44.35,58.525,73.6,26.15,19.225,17.4,19.775,18.925,19.95,24.85,34.125,46.3,63.35,26.175,24.725,22.775,18.975,20.175,19.6,19.075,26.55,33.55,44.1,27.125,24.6,19.925,20.7,19.925,20.625,30.45,38.425,20.45,21.6,21.175,24.35,31.75
1973-10-29,44.125,48.825,53.125,49.325,54.1,45.4,45.7,46.2,48.7,47.05,47.85,48.075,47.2,48.825,47.575,46.35,48.125,50.25,50.65,52.35,50.775,48.15,46.6,48.55,51.875,48.0,53.075,53.075,51.75,53.925,54.475,53.875,52.5,42.45,47.1,49.35,51.575,51.9,52.375,60.175,63.85,59.025,54.925,35.675,41.975,47.675,48.425,50.0,54.025,53.175,57.775,59.375,57.25,54.3,41.575,44.475,45.175,44.875,48.975,48.875,51.0,53.275,54.95,53.0,49.2,37.375,42.15,46.325,43.85,46.4,43.125,45.7,46.875,49.175,50.975,49.975,54.125,32.8,36.5,37.5,42.275,43.95,40.675,43.625,43.375,45.925,45.925,34.0,33.15,33.95,33.65,38.5,38.15,41.85,41.2,40.025,44.475,36.6,35.65,33.725,35.2,33.35,36.4,36.0,38.525,40.35,40.65,29.2,30.775,35.225,32.55,33.725,31.65,32.125,34.9,35.2,36.775,27.825,30.3,28.175,30.8,28.925,30.2,31.85,36.95,28.475,31.575,29.925,35.575,37.525
1974-12-02,45.25,40.625,33.375,50.125,56.775,56.725,52.7,49.625,50.75,58.2,58.4,70.275,65.7,57.5,58.3,55.7,57.6,57.075,79.575,73.75,61.3,57.525,55.05,53.35,55.45,76.4,85.35,77.4,54.3,48.025,48.875,49.625,48.85,65.2,79.475,86.8,83.4,79.125,37.975,40.875,50.475,50.325,49.525,40.3,63.025,78.375,88.375,69.425,66.45,38.0,41.225,46.825,47.9,50.375,61.65,67.125,62.225,58.1,61.25,46.85,44.85,39.325,42.775,43.0,47.125,43.45,61.375,75.075,59.1,63.725,48.725,45.8,39.525,38.175,39.6,41.675,47.725,21.675,37.5,44.075,53.65,57.15,46.975,42.975,39.575,33.975,35.0,24.925,25.425,30.375,32.5,44.325,36.475,47.625,42.275,35.45,32.025,34.4,32.8,31.225,32.325,31.7,34.25,31.5,36.725,38.05,32.8,28.2,27.5,30.925,28.825,27.25,23.35,22.675,32.375,33.125,34.9,26.05,23.475,20.075,22.475,21.525,22.7,24.0,32.45,13.575,17.8,19.125,27.925,30.35
1975-08-31,44.275,43.05,44.925,40.9,39.35,42.4,43.25,43.75,41.8,41.175,39.55,35.125,38.45,41.525,47.0,46.1,44.425,41.75,35.725,43.5,45.525,49.35,47.65,48.475,46.7,33.95,41.025,46.55,52.8,54.175,53.45,53.125,52.225,38.25,38.15,42.075,43.35,45.15,62.1,59.575,56.275,56.075,53.55,39.25,37.125,36.475,40.45,44.725,52.75,58.85,59.45,55.325,54.675,52.625,36.1,32.075,35.05,38.1,47.95,52.7,55.15,52.55,51.875,48.85,46.975,33.175,34.325,34.275,36.3,41.875,43.1,42.9,44.9,42.875,42.55,42.6,43.5,20.05,23.95,24.475,27.0,32.825,30.475,34.425,33.05,31.375,30.525,18.0,14.975,16.45,17.6,22.075,20.675,24.425,29.875,28.175,25.45,11.45,7.725,6.05,9.85,12.275,21.1,17.75,25.45,26.675,29.25,5.55,4.8,6.975,6.7,8.55,9.25,18.15,24.575,28.4,30.45,3.2,5.9,6.6,9.9,13.4,18.025,26.75,34.8,9.45,12.825,26.9,36.3,46.925
1976-10-09,39.5,40.35,44.025,39.25,40.025,32.675,37.95,39.575,38.925,38.025,37.725,25.8,28.825,36.0,38.525,38.7,38.35,38.375,24.675,30.675,34.05,37.325,37.525,37.2,37.65,24.875,30.3,31.9,34.1,34.525,34.65,35.35,35.375,36.4,36.425,34.725,32.625,32.5,34.2,33.95,33.525,34.2,34.325,39.025,40.125,40.775,40.65,36.55,36.225,34.4,33.875,32.975,33.525,37.075,42.7,42.575,41.375,39.225,38.225,34.15,34.0,36.825,37.925,37.825,40.975,41.95,44.2,44.7,40.9,41.775,36.95,45.4,41.95,44.325,45.875,47.525,48.575,41.8,42.1,40.475,42.1,43.325,42.225,45.45,49.25,54.975,57.2,41.775,39.1,38.9,37.5,39.75,43.225,46.075,49.0,51.625,60.9,43.475,38.725,35.75,38.7,37.2,39.475,42.025,45.425,50.275,54.25,38.55,39.2,40.675,36.35,38.875,37.6,37.375,39.775,41.375,44.775,38.675,39.85,35.575,38.05,34.75,35.875,38.275,44.45,38.175,39.9,34.375,40.35,42.6
1977-03-13,21.875,21.7,20.35,21.95,23.25,20.6,23.475,24.975,24.05,24.05,23.45,22.525,24.375,26.7,30.525,29.6,27.625,26.15,26.0,29.975,29.55,31.175,29.85,28.375,27.1,25.325,30.825,31.5,29.475,28.5,28.075,28.775,27.025,33.375,32.7,32.7,31.425,31.2,28.75,27.725,28.8,29.025,28.5,28.375,32.575,33.575,35.8,31.75,32.95,27.4,28.375,27.55,27.5,26.95,31.0,33.625,31.15,30.8,31.15,28.375,27.9,26.275,27.1,26.625,25.15,25.05,32.25,34.55,31.225,31.475,30.025,28.95,26.475,26.025,26.025,25.05,25.3,16.575,24.475,25.475,29.95,31.8,29.8,28.075,27.65,25.025,24.6,19.825,18.325,23.975,24.9,28.025,23.825,27.425,26.975,25.95,23.775,28.35,23.075,20.1,25.5,28.25,24.3,21.425,24.0,25.075,23.125,34.875,36.175,27.425,23.375,25.675,24.55,19.725,21.725,22.775,24.275,44.2,33.6,27.475,28.525,23.45,23.175,20.3,25.55,25.45,29.325,20.65,24.975,27.05
1978-07-03,32.475,35.2,37.575,34.575,32.375,31.275,35.4,35.425,35.15,33.325,33.025,27.7,28.425,35.275,38.1,37.925,37.425,35.5,26.225,33.475,35.4,39.425,38.075,36.875,38.075,25.1,33.05,37.825,34.35,33.625,34.3,37.725,34.725,28.6,28.925,31.825,36.65,38.375,33.375,32.45,36.45,36.225,36.2,26.925,28.1,26.4,30.95,33.4,39.5,29.175,32.575,33.175,33.1,36.4,36.025,35.125,33.0,28.125,31.675,28.25,29.625,30.55,33.55,33.95,35.45,40.55,40.175,40.025,33.1,35.075,26.1,31.75,29.925,31.175,31.525,34.475,36.4,53.6,50.7,42.075,40.2,39.975,28.8,28.275,28.45,31.375,33.45,56.85,52.25,50.575,42.275,41.975,39.7,34.025,26.8,26.3,31.85,58.375,55.375,51.55,54.475,46.075,42.225,40.5,32.25,32.25,29.25,56.875,59.225,56.925,48.575,49.05,48.55,42.675,31.725,29.525,29.425,51.925,52.4,45.175,48.075,43.075,39.875,32.5,32.325,46.275,45.95,33.6,32.325,26.05
1979-09-06,37.275,39.225,42.55,39.55,40.0,31.525,35.4,37.375,38.45,38.7,38.85,30.55,33.375,35.1,36.275,35.325,38.325,39.05,30.55,34.15,34.475,35.325,34.4,33.275,34.4,32.05,37.525,40.275,34.775,30.375,30.25,30.825,31.6,33.125,33.65,36.625,43.5,44.725,34.45,24.1,24.9,28.625,29.575,26.675,32.25,33.425,34.825,37.75,38.6,29.1,24.75,24.225,26.525,29.35,28.775,32.95,33.325,33.075,34.775,31.65,31.025,28.825,28.625,29.925,31.375,21.375,28.4,32.775,31.675,35.05,32.65,36.925,32.5,32.9,32.6,33.725,34.2,16.4,21.725,24.15,28.425,30.15,33.2,33.875,31.55,34.75,36.4,20.5,21.05,23.025,23.175,26.175,27.475,32.425,30.825,32.275,37.175,30.05,29.075,28.4,27.325,25.375,23.675,26.675,27.775,29.975,32.85,28.975,29.675,31.0,27.85,27.0,25.35,21.45,24.4,24.175,25.525,30.525,29.425,25.275,25.95,23.525,22.3,21.075,22.4,24.925,26.125,19.05,19.4,17.125
1980-04-09,35.075,40.45,43.775,36.4,34.525,30.6,35.15,38.2,36.55,35.0,34.3,28.975,30.225,33.275,35.2,34.4,34.125,35.25,32.275,31.975,28.625,29.525,31.55,31.625,32.8,32.8,31.8,29.525,27.875,26.425,26.425,29.65,29.525,42.775,42.8,38.725,28.1,26.55,26.95,25.525,27.05,27.225,24.9,38.85,42.875,48.0,46.125,33.65,32.175,26.35,26.225,25.45,23.475,22.05,41.45,39.025,39.6,38.7,35.05,31.275,25.85,23.775,24.125,20.65,19.5,38.4,42.8,39.5,38.625,35.15,32.025,30.025,22.15,21.25,21.125,18.25,18.25,36.375,39.2,35.925,37.625,38.5,32.075,29.2,25.1,19.25,15.775,36.225,32.975,34.3,33.075,36.275,29.5,29.05,24.575,19.875,15.1,34.575,29.2,27.3,30.475,31.425,29.875,26.525,20.875,19.65,14.45,28.075,26.2,29.425,26.35,26.925,26.2,23.125,19.2,18.425,17.8,24.525,24.675,22.125,25.1,19.525,18.425,15.0,16.375,19.875,21.8,15.675,17.0,15.025
1981-10-27,36.45,39.275,44.425,37.95,38.4,34.275,36.4,37.05,37.125,35.775,35.575,29.775,30.475,35.05,35.425,35.15,35.425,36.025,29.625,32.35,33.375,34.65,34.325,35.525,37.05,28.05,31.0,31.925,32.325,34.625,36.15,36.475,36.05,29.15,28.85,29.55,30.3,30.575,32.55,38.575,41.2,38.975,38.2,27.45,28.675,28.25,29.325,30.325,33.05,33.25,37.975,39.6,38.35,38.45,29.925,31.15,30.175,28.775,30.65,30.65,33.15,35.35,37.5,37.675,36.45,28.05,30.75,32.35,30.1,31.425,28.525,30.7,32.825,34.275,35.775,37.35,38.35,24.975,26.5,26.875,29.0,30.2,29.375,30.05,31.925,34.55,35.175,26.175,24.4,24.875,24.625,26.4,27.6,29.525,30.725,30.825,34.875,28.275,25.05,23.15,24.825,23.975,26.325,26.15,29.4,31.4,32.025,26.425,25.575,26.275,23.425,24.9,23.95,24.65,26.625,27.45,29.1,25.525,26.025,23.15,24.5,23.375,24.65,25.875,30.425,24.825,27.775,26.0,30.825,33.4
1982-07-03,18.25,20.425,22.95,18.275,17.65,22.775,20.8,19.025,18.775,15.625,15.925,22.125,20.25,19.8,20.1,19.7,19.5,18.75,21.475,23.025,21.925,21.3,20.125,19.775,20.55,22.35,24.775,25.225,22.55,21.7,20.9,22.475,20.225,31.05,30.075,29.15,24.925,25.25,22.5,23.125,26.025,23.975,24.375,39.2,35.325,28.975,32.975,29.75,31.725,21.45,23.45,24.25,24.35,25.225,50.65,52.625,46.9,34.575,33.55,26.65,24.875,25.525,26.525,28.1,29.55,50.6,53.5,59.75,49.675,47.1,32.1,37.125,31.7,30.85,31.275,32.175,32.825,45.575,47.9,46.15,47.2,49.05,38.05,35.625,35.6,38.775,40.15,49.925,46.525,47.625,42.925,42.675,43.575,42.15,34.525,33.475,40.3,52.575,48.375,44.85,46.625,40.3,39.3,41.675,36.3,37.25,33.65,40.075,39.6,43.55,38.4,36.925,34.8,29.9,32.3,30.75,31.325,33.4,30.825,26.675,30.425,27.05,25.2,22.95,24.025,18.75,21.325,17.425,18.2,14.1
1983-04-24,15.375,16.95,17.6,17.45,17.85,21.8,19.275,17.7,17.825,18.225,18.125,24.775,24.425,19.3,19.6,18.9,18.45,18.8,26.875,25.75,22.2,20.125,19.375,18.125,18.6,26.35,28.3,27.425,23.075,20.125,18.6,19.6,19.0,24.5,23.65,26.2,27.775,27.8,22.675,17.35,18.05,18.7,19.775,21.725,22.225,19.725,23.425,23.9,26.05,20.2,17.775,17.675,19.0,20.375,25.875,26.275,24.95,23.375,22.675,21.9,21.525,19.85,20.325,21.35,22.4,23.425,27.15,27.325,26.8,25.025,24.8,26.85,25.425,23.375,23.8,24.7,25.225,20.775,24.375,23.225,24.15,25.325,25.375,26.3,26.15,26.175,28.375,21.775,21.275,22.925,22.525,23.075,23.325,24.975,26.225,27.775,28.325,25.1,22.675,21.95,22.625,24.625,22.0,21.625,24.05,26.475,26.05,22.5,23.975,25.275,22.4,23.45,22.625,22.2,20.925,22.325,24.175,20.95,26.0,24.675,25.4,22.6,21.925,21.875,25.075,29.7,29.375,21.55,23.525,20.925
1984-06-30,14.725,14.95,15.875,8.9,7.075,30.45,23.85,18.725,15.25,7.5,7.375,43.05,39.8,29.475,32.05,32.775,23.95,18.375,44.1,44.025,41.125,35.925,35.475,30.0,26.35,43.85,44.55,45.25,43.4,41.075,37.15,36.55,33.525,39.7,37.225,40.325,43.225,44.925,43.75,41.75,43.15,39.675,37.7,37.95,39.2,30.925,36.9,41.675,44.7,41.0,41.475,40.85,39.8,36.85,50.6,60.475,59.875,52.825,53.175,46.25,39.075,37.675,39.35,35.625,33.675,43.225,56.525,64.0,70.3,66.1,50.075,48.15,41.0,33.65,34.1,32.525,32.2,27.975,34.75,41.2,49.4,52.7,53.625,47.375,39.75,33.55,32.025,22.075,21.775,25.35,29.3,36.775,40.575,41.75,41.5,34.9,29.675,17.1,12.825,10.8,17.1,21.375,32.2,32.05,36.525,36.05,35.125,12.775,12.275,14.0,12.15,14.075,14.925,20.725,31.05,33.35,34.825,11.05,13.9,12.85,15.35,16.65,19.775,26.875,31.375,16.5,14.775,21.525,29.25,35.075
1985-11-04,36.25,39.775,41.975,44.475,44.7,45.7,40.05,40.4,42.425,46.65,46.075,57.0,53.575,45.475,42.8,40.4,41.975,43.975,66.975,60.55,49.8,43.325,40.325,39.025,40.825,67.175,69.4,64.725,51.9,43.75,40.55,42.4,41.9,70.375,67.55,69.925,66.325,65.925,48.225,38.75,37.4,39.775,40.375,59.1,65.225,61.475,71.875,62.025,65.475,44.225,38.525,37.15,38.8,40.75,71.425,80.775,71.2,58.35,59.5,46.775,46.725,44.3,42.15,40.375,42.1,53.675,75.475,90.175,71.5,72.925,46.925,57.275,48.075,50.225,50.3,43.425,44.85,44.0,54.025,58.425,70.9,74.375,57.1,53.65,52.6,55.125,55.575,54.35,54.45,56.525,53.925,62.6,59.0,64.25,58.35,49.025,55.075,77.275,73.075,70.175,67.75,59.85,58.85,56.1,57.925,64.05,56.0,88.025,82.725,79.3,66.875,66.875,61.95,53.625,51.525,50.675,55.375,84.65,78.15,65.15,66.0,59.15,57.425,53.4,63.625,62.925,65.25,51.75,62.0,61.15
1986-03-14,17.8,19.725,20.475,22.925,25.3,19.2,17.175,16.4,19.05,24.05,23.95,22.375,18.55,13.65,9.3,7.225,14.25,19.325,25.1,22.4,16.175,10.2,7.775,11.575,15.95,24.6,26.375,24.0,20.35,18.625,17.625,18.425,17.75,24.925,24.3,24.9,23.55,23.45,22.725,24.75,26.55,23.475,21.3,21.3,22.625,23.075,24.775,22.95,25.55,23.125,25.05,25.025,23.45,22.975,22.075,22.175,20.675,20.95,22.15,21.825,22.725,23.2,22.9,22.925,23.15,20.675,22.75,22.725,20.5,21.325,21.1,23.3,23.025,23.55,24.05,23.575,24.375,16.4,22.9,21.75,22.575,23.275,20.4,21.9,23.45,23.475,24.175,21.675,20.4,26.05,25.0,24.575,20.875,22.1,24.5,24.25,24.575,28.6,29.325,27.175,29.25,28.4,25.725,21.95,23.65,26.15,23.65,26.4,28.875,27.95,26.975,27.8,24.925,23.375,23.1,24.325,27.375,26.325,25.45,24.325,25.975,22.725,23.25,24.325,29.4,21.125,24.875,22.875,27.3,30.7
1987-09-07,16.85,16.425,15.925,16.775,16.6,20.375,20.375,19.925,19.125,18.2,17.85,19.525,21.675,23.35,26.55,27.4,23.6,20.55,18.8,22.2,25.275,27.875,27.775,26.25,25.725,19.075,19.525,20.675,23.6,27.2,28.725,28.275,27.275,22.5,22.55,21.0,18.775,18.75,24.925,32.9,36.5,33.2,31.05,21.575,23.85,25.325,23.9,22.45,23.375,24.475,31.9,33.375,31.525,31.2,23.625,25.4,25.15,22.975,24.375,22.95,25.5,27.625,29.475,30.375,30.375,18.5,23.375,26.075,24.2,24.975,21.9,23.95,25.65,27.075,27.75,29.675,30.325,15.4,19.325,20.525,22.875,24.075,23.4,23.325,26.25,28.325,27.725,17.2,17.9,19.125,18.95,21.375,22.0,24.925,25.05,25.425,28.5,22.7,23.0,22.65,21.775,20.15,21.325,21.35,24.25,25.7,26.1,18.15,19.825,22.85,21.225,20.275,18.725,19.225,22.825,23.175,24.35,18.375,18.8,16.825,17.875,18.125,19.05,20.675,24.075,15.15,17.5,18.3,21.925,23.725
1988-05-05,15.625,19.25,23.4,10.375,8.0,18.2,17.05,16.825,13.925,5.175,5.3,17.475,19.175,18.125,20.85,20.875,16.2,12.425,19.6,23.25,22.95,21.95,21.475,19.0,17.175,20.7,26.025,27.125,24.1,22.675,21.225,21.025,19.125,30.9,30.65,30.375,29.3,29.375,24.45,22.65,23.1,22.3,23.975,31.15,32.5,32.1,33.425,29.825,31.15,23.975,23.175,23.125,23.775,24.9,34.75,35.525,33.475,29.2,29.625,25.65,25.425,24.825,24.7,25.75,27.15,31.075,36.65,38.75,33.175,33.8,27.475,31.2,27.3,27.25,27.95,28.55,29.4,30.45,35.275,33.425,35.125,36.25,30.2,29.725,29.225,30.125,30.875,34.075,34.15,35.2,33.025,34.925,32.8,33.625,30.625,30.05,31.125,40.325,42.375,40.7,39.575,36.125,36.0,32.175,33.15,34.0,31.6,31.9,35.85,40.975,38.825,38.2,34.925,33.0,31.95,31.325,32.8,32.875,32.575,31.45,34.525,30.675,30.35,30.0,34.825,28.3,32.325,28.75,34.275,35.55
1989-03-06,23.175,25.0,26.525,27.075,27.9,27.725,30.525,27.75,27.1,28.1,27.2,34.2,32.45,31.125,30.575,28.25,29.275,29.95,37.175,36.375,32.075,29.8,28.45,28.575,29.4,35.5,37.825,36.225,32.275,31.15,30.075,31.7,29.8,38.7,36.925,37.475,34.45,34.275,32.825,32.95,35.25,33.45,30.825,37.45,37.025,34.625,38.075,34.8,37.65,31.6,33.575,33.1,31.8,30.8,42.05,42.775,38.25,35.425,35.3,33.175,30.675,30.35,31.1,29.85,29.05,41.675,45.325,45.775,39.975,37.225,33.525,33.925,31.525,29.425,29.55,28.75,28.7,35.075,43.5,40.075,41.4,42.65,35.7,33.4,31.975,29.025,28.35,37.75,32.625,40.125,39.625,40.675,34.2,33.525,30.85,28.65,27.225,34.7,31.25,27.75,34.525,37.5,35.475,31.05,28.525,29.125,25.275,27.325,25.55,27.45,26.7,27.975,25.55,23.05,25.5,25.8,26.9,23.175,20.05,18.675,22.65,17.0,17.25,18.05,23.1,10.8,14.825,15.875,20.925,23.55
1990-07-12,18.425,18.775,19.025,21.5,23.075,18.025,19.45,20.05,21.175,21.925,22.375,20.0,18.875,21.25,21.85,21.6,22.75,22.95,22.3,24.275,23.4,23.575,22.225,22.05,23.475,23.425,25.6,26.35,23.925,23.375,23.275,25.35,23.275,33.225,31.375,30.45,25.65,26.05,23.95,25.325,28.6,26.7,24.05,38.2,36.75,28.9,34.3,31.8,34.025,22.75,25.525,25.775,24.825,24.025,50.875,62.575,54.925,39.275,37.45,29.475,23.175,23.9,24.8,23.8,23.275,39.2,53.425,70.2,59.625,53.525,33.625,35.35,28.125,23.9,24.075,23.35,23.3,19.525,27.475,35.2,44.725,49.1,40.875,34.65,30.4,28.525,26.85,22.725,22.525,26.4,28.3,31.975,33.725,36.675,31.175,25.675,25.65,27.725,21.25,18.8,21.825,21.95,25.6,27.675,29.4,29.025,27.275,24.45,23.6,20.5,17.075,16.925,16.475,15.825,24.675,24.725,25.175,22.475,20.275,16.525,16.5,17.1,17.425,17.175,19.775,15.475,16.575,17.225,21.325,22.325
1991-12-02,20.775,19.675,18.275,19.4,20.525,16.05,17.425,20.6,19.85,20.025,20.1,19.075,19.55,21.125,21.775,21.025,21.375,20.975,25.425,26.2,23.525,22.85,21.725,21.15,22.05,24.1,27.85,27.55,23.875,23.1,23.1,24.0,23.0,28.025,26.95,28.25,26.825,26.7,23.85,25.1,27.075,25.85,24.95,25.575,25.775,24.225,28.875,25.25,29.1,22.85,25.05,26.0,26.0,25.775,27.825,29.3,25.3,21.6,23.9,20.825,23.325,23.7,25.675,26.375,27.4,23.15,29.925,32.9,25.5,26.55,20.625,26.925,26.0,25.775,27.2,28.475,29.075,19.8,25.125,24.95,27.1,27.975,23.65,24.35,26.7,28.7,30.925,24.225,23.125,25.35,24.125,26.325,24.925,27.65,27.4,28.05,30.975,32.45,30.625,29.0,29.3,27.0,26.875,24.15,29.1,32.125,30.125,32.45,32.0,31.85,28.9,28.6,25.75,25.2,27.075,28.45,31.05,30.375,30.325,26.125,27.5,25.375,26.125,26.8,35.275,24.45,28.425,25.4,32.525,36.25
1992-12-10,44.525,50.45,53.875,55.65,56.875,41.775,43.475,50.15,54.925,56.525,56.25,35.275,38.675,45.3,50.0,53.05,56.6,56.2,38.775,41.925,42.425,46.25,47.3,49.85,52.425,36.925,42.825,42.775,39.025,41.375,43.225,46.325,47.625,45.1,44.3,44.925,40.85,40.375,38.525,42.9,47.0,46.175,46.65,34.3,40.4,42.8,48.225,39.925,45.675,37.4,42.5,43.9,44.0,44.875,37.1,40.0,36.075,32.95,37.3,32.825,36.05,36.875,40.175,41.35,43.475,26.2,39.125,43.5,34.5,37.175,28.875,36.6,34.975,35.625,37.45,40.9,43.6,20.675,26.875,27.8,33.85,35.925,32.15,32.3,34.55,35.15,36.3,22.2,21.5,23.625,23.55,29.85,27.225,32.875,33.0,32.375,35.3,24.025,23.4,22.2,23.575,22.9,26.175,24.95,30.025,33.625,32.925,15.875,17.5,21.925,20.95,20.625,18.475,20.925,26.375,28.425,31.525,13.675,16.05,15.225,18.05,17.425,19.1,23.375,32.175,13.575,17.85,19.025,30.2,34.925
1993-11-27,49.975,58.5,63.75,62.85,64.025,48.375,50.525,57.95,60.425,62.025,62.1,37.7,42.125,52.5,58.85,58.65,59.925,62.35,35.9,44.125,47.9,57.45,56.6,55.85,58.725,33.15,39.125,42.7,43.75,48.05,52.775,55.6,54.075,34.225,33.85,36.275,38.65,39.175,41.775,53.5,54.775,54.325,52.85,26.675,30.6,31.6,36.225,36.0,43.1,39.15,50.75,52.275,50.775,52.95,27.675,30.45,28.475,26.15,32.875,30.275,37.7,41.9,48.075,47.625,49.425,19.2,27.75,32.1,26.65,31.725,23.225,31.625,34.125,39.2,41.5,45.65,49.05,12.5,15.875,18.225,23.95,25.9,25.875,27.075,30.475,34.65,37.7,14.425,14.25,15.2,15.275,19.45,20.525,27.025,28.2,29.2,36.25,18.175,16.575,15.75,15.475,14.225,18.475,19.35,26.625,31.05,34.15,16.7,15.25,16.2,14.15,13.9,12.675,15.925,23.15,25.05,28.875,14.25,13.9,12.05,12.675,14.725,17.15,21.6,29.85,10.85,13.9,17.05,26.375,33.175
1994-02-08,25.45,24.575,25.5,25.175,22.75,35.425,32.15,25.75,25.6,26.575,25.55,34.875,33.75,35.225,34.525,26.875,26.675,25.05,38.725,37.7,34.325,34.225,32.275,27.275,26.55,36.75,37.825,36.25,32.875,32.05,31.45,32.35,29.8,39.65,38.05,38.55,34.475,33.575,31.5,31.6,33.7,33.275,30.4,34.55,36.425,35.1,39.125,33.05,35.425,30.275,31.6,31.7,31.25,31.2,37.3,37.525,33.25,31.925,32.425,30.675,30.65,30.025,31.975,30.35,30.65,38.6,40.8,40.65,36.525,33.225,32.425,34.45,33.55,31.875,33.375,31.875,32.15,34.725,47.775,41.5,40.65,42.9,33.325,34.025,34.4,33.9,35.55,45.775,43.25,53.35,49.775,47.375,40.0,40.2,34.75,35.475,34.85,65.775,65.075,57.425,65.75,59.8,51.425,41.55,40.575,40.725,32.05,59.05,64.075,66.45,56.1,64.275,57.1,44.475,39.175,37.75,38.3,65.325,58.4,52.075,57.8,43.9,41.875,35.7,42.625,45.5,51.8,36.775,41.0,37.675
1995-08-05,17.3,11.7,7.45,3.9,6.4,23.275,17.15,11.25,6.675,3.075,4.2,25.625,21.075,18.975,17.175,12.7,10.3,9.575,24.075,26.925,22.325,22.475,20.675,18.65,17.5,24.275,26.15,26.775,28.425,27.85,28.3,26.725,26.35,38.45,37.925,33.875,25.9,24.9,30.45,34.85,35.5,31.975,29.9,36.625,39.4,43.45,40.875,33.4,31.275,31.15,34.625,35.3,34.7,34.275,34.725,32.825,36.3,38.1,39.175,34.375,34.55,34.3,34.975,33.925,34.375,35.175,36.95,35.575,36.7,42.025,36.55,38.575,33.925,35.25,35.375,35.125,35.925,26.675,36.1,34.6,35.45,37.2,33.875,35.25,36.975,36.6,36.525,36.575,35.375,40.075,38.025,37.575,34.425,39.225,37.275,36.625,36.875,51.225,52.95,49.075,48.4,42.825,40.575,35.475,39.425,39.475,38.35,48.025,52.075,50.0,47.375,49.275,44.175,38.6,40.225,40.3,40.55,48.725,46.375,43.55,47.025,41.675,40.725,39.85,43.825,36.25,42.5,40.3,44.05,43.875
1996-09-06,69.725,76.3,83.75,80.075,76.0,76.575,77.525,75.175,80.6,79.675,77.85,78.1,81.25,89.275,89.2,83.85,84.45,76.65,81.4,83.9,87.85,87.65,84.9,81.575,83.025,86.75,90.025,91.925,85.725,81.825,80.95,81.025,80.9,83.425,87.525,92.05,92.625,92.975,86.325,79.225,84.9,85.0,80.25,85.65,92.725,99.95,97.7,92.4,91.575,78.425,78.825,79.425,80.1,80.75,98.35,105.75,104.5,95.75,94.175,84.6,82.825,81.2,82.35,81.15,80.7,78.05,94.05,108.7,100.85,102.1,87.35,92.225,85.85,87.025,86.95,85.3,84.225,65.025,72.8,78.45,87.275,95.375,91.7,89.75,89.7,93.975,92.075,64.425,64.75,68.75,69.9,79.7,81.575,86.825,84.5,84.65,93.025,70.65,68.575,66.275,68.275,66.9,70.725,75.975,77.35,81.925,83.225,55.675,61.175,69.4,64.35,66.2,64.8,63.925,68.025,68.5,72.0,56.075,61.05,54.85,58.675,54.225,59.325,57.325,67.475,54.375,56.4,56.0,64.125,63.125
1997-11-07,47.125,54.425,57.325,54.25,57.2,43.525,42.175,50.2,51.4,52.275,52.875,35.775,37.75,39.15,42.825,49.1,50.75,53.225,35.125,35.2,35.45,38.7,39.425,44.5,47.325,33.125,33.675,32.45,32.475,34.3,35.925,38.5,35.425,31.9,32.175,33.725,30.15,29.825,29.75,36.8,37.5,37.1,33.175,27.65,28.275,30.125,35.075,30.25,33.725,28.825,35.075,35.75,33.475,30.65,30.1,28.875,26.475,24.3,28.15,25.3,28.975,31.525,34.3,31.325,29.45,28.225,31.3,31.825,25.65,29.9,22.325,30.85,28.85,32.875,34.725,31.95,30.225,31.125,28.8,25.825,27.725,29.975,25.4,26.575,29.15,33.625,36.275,29.35,27.0,25.475,22.925,27.175,25.75,29.175,27.15,29.8,36.625,27.525,23.25,21.35,23.275,21.875,24.575,25.175,26.45,30.775,33.675,22.575,22.675,23.6,20.325,21.675,21.95,22.0,22.875,24.175,27.675,20.625,21.025,18.45,21.35,20.2,21.825,23.6,30.2,18.75,21.025,22.025,28.925,31.0
1998-04-19,24.725,28.225,31.5,29.925,31.05,26.5,27.55,28.825,30.2,30.5,30.65,26.6,28.825,31.275,34.05,33.625,32.825,32.5,27.875,32.45,33.5,37.3,36.375,35.15,35.95,27.5,31.15,32.45,34.5,36.275,36.4,37.9,35.95,29.575,32.4,32.85,29.65,29.875,39.75,38.75,38.475,38.2,36.8,29.425,30.35,33.575,35.85,33.675,38.225,37.675,39.025,36.9,36.85,37.05,35.6,33.65,33.175,32.7,34.325,34.775,35.825,34.85,35.75,35.1,34.55,36.225,37.625,34.75,34.6,32.725,32.75,34.975,34.575,33.175,33.8,34.275,34.65,35.6,37.775,34.05,33.675,33.625,32.2,32.7,34.125,31.55,31.175,35.9,33.425,34.675,32.875,33.525,31.425,32.125,31.9,31.4,29.85,36.475,32.1,30.4,32.675,32.725,31.575,29.6,27.85,29.35,25.525,30.85,31.725,33.525,29.9,30.825,29.0,28.0,25.3,26.2,27.45,28.725,30.95,28.35,29.15,26.05,25.8,24.475,25.7,26.775,28.675,22.475,24.525,25.55
1999-04-09,30.425,29.1,27.675,25.075,26.9,30.675,28.975,28.525,25.375,24.675,25.1,29.475,29.275,26.075,25.775,23.9,25.075,26.3,30.775,27.775,25.225,24.275,23.825,23.45,25.575,29.1,27.475,25.0,23.55,23.175,22.425,23.75,22.975,29.975,28.2,27.525,23.15,22.475,23.4,22.675,23.3,23.25,21.075,27.275,26.925,26.7,27.95,23.275,24.725,22.3,22.975,21.9,21.875,20.875,25.05,25.775,25.525,24.9,23.35,22.45,21.3,20.475,21.0,20.6,17.85,21.375,25.375,26.0,25.75,23.35,21.9,22.05,20.05,18.975,19.25,17.7,17.2,18.55,21.1,20.875,22.275,22.7,22.05,21.05,19.75,17.225,16.475,18.5,17.95,19.225,19.05,20.525,19.525,19.65,18.3,16.9,15.4,19.05,17.85,17.175,18.4,18.65,18.35,17.55,15.95,16.125,13.2,14.375,16.1,18.2,16.45,17.375,16.35,15.7,14.0,14.025,14.275,13.375,15.5,14.65,14.875,13.0,13.85,11.75,11.675,12.775,13.775,10.75,11.0,10.85
2000-02-18,22.4,20.05,22.875,21.125,21.225,34.35,30.225,24.575,22.6,21.45,21.325,34.525,33.5,31.975,28.0,25.525,22.8,22.375,39.0,36.375,32.325,28.95,27.05,26.1,23.275,37.675,38.2,35.275,28.975,27.5,26.425,27.275,26.325,45.025,41.05,40.65,35.75,33.875,22.925,25.2,29.65,28.375,25.225,40.35,42.45,40.525,42.625,32.65,31.325,22.8,25.25,27.125,27.15,24.625,42.25,41.875,36.9,34.3,31.9,27.75,25.05,24.45,26.4,26.325,21.8,41.15,43.375,44.275,39.975,34.5,31.275,30.825,27.075,25.975,27.175,23.1,22.225,34.2,43.85,41.05,41.65,42.95,33.125,31.725,29.25,27.525,27.95,40.875,36.0,43.85,42.025,42.325,35.875,36.375,30.65,29.5,27.575,48.625,45.2,39.125,47.65,45.8,43.15,35.075,34.025,34.125,27.675,46.45,46.25,48.05,39.875,46.5,40.425,35.6,31.75,31.525,32.35,48.375,44.925,40.15,43.575,33.175,31.025,28.675,35.775,38.175,42.0,29.0,31.8,32.5
2001-06-06,15.65,12.2,12.875,12.175,10.9,26.55,22.375,14.975,14.375,13.1,12.575,27.9,28.175,24.8,21.275,21.225,15.475,13.25,27.625,30.575,30.25,27.8,26.125,24.45,19.125,28.925,32.45,33.5,30.625,29.275,28.65,28.8,26.975,34.375,33.65,34.025,35.275,35.6,25.775,28.475,32.85,30.6,32.525,37.35,40.65,40.625,37.725,34.8,32.2,25.725,28.525,30.7,29.975,32.95,43.975,47.7,50.65,46.2,43.275,34.15,29.05,28.0,29.475,28.65,31.9,32.775,43.675,48.075,53.175,52.85,39.75,37.325,27.725,27.35,27.8,29.475,32.8,18.775,26.85,32.425,38.925,40.575,42.325,37.65,32.0,28.15,26.125,20.575,20.375,23.3,25.55,29.775,32.5,34.225,31.0,27.55,26.425,27.275,22.4,20.35,22.875,23.55,25.975,27.5,28.25,27.775,26.625,22.95,21.9,23.125,20.375,23.0,21.3,21.85,23.75,23.625,24.0,20.125,21.25,18.8,17.975,16.65,19.85,17.5,21.35,16.325,17.025,15.9,17.575,16.65
2002-09-26,30.25,28.5,28.35,25.175,24.55,30.975,28.525,27.05,25.35,24.725,24.5,28.225,28.1,26.025,25.725,25.0,25.375,25.0,26.675,25.25,24.675,24.35,24.075,24.0,24.5,26.525,24.875,23.85,22.65,22.675,23.075,23.3,23.3,25.325,24.5,24.2,23.15,22.85,20.95,22.8,25.9,25.0,24.075,23.625,24.075,24.275,24.225,22.75,22.45,19.8,22.35,23.775,23.55,24.05,22.5,23.35,23.325,22.4,22.725,20.6,21.7,22.175,23.175,23.6,24.9,20.375,22.25,23.975,22.075,23.725,21.6,24.1,23.725,24.675,24.975,26.075,26.55,18.7,20.225,20.275,21.225,23.375,22.75,23.35,24.825,27.65,28.325,20.5,19.625,20.375,19.725,21.675,21.925,23.825,26.7,27.35,29.625,25.3,23.2,22.3,21.6,20.025,23.125,21.65,27.05,29.025,30.175,23.975,23.3,24.375,21.6,21.025,22.45,23.375,26.5,27.75,29.55,22.625,23.075,20.075,22.625,22.55,24.7,27.35,32.9,22.125,24.0,26.0,32.75,36.85
2003-09-18,50.825,53.8,65.95,64.2,57.75,57.25,58.775,58.65,61.275,65.175,62.175,52.2,50.5,56.35,48.425,52.2,53.75,53.675,55.0,46.8,39.95,37.1,37.45,39.925,39.275,57.175,51.225,45.9,34.05,26.15,24.925,27.475,31.075,52.65,52.6,52.0,50.2,48.25,24.425,17.8,16.7,22.025,23.325,50.325,53.325,53.5,51.65,41.9,35.225,21.925,18.375,17.0,20.05,23.9,49.05,55.425,54.75,49.375,40.325,31.0,26.3,23.95,23.875,25.0,26.7,39.85,49.8,57.6,51.375,51.725,43.025,44.4,32.8,33.275,33.075,31.9,33.075,28.15,39.325,44.475,48.875,54.075,47.3,45.35,39.6,43.55,45.05,39.4,44.425,48.825,47.2,51.925,50.675,52.375,47.35,47.075,49.375,61.9,74.075,75.225,64.525,54.025,56.2,51.175,57.275,57.275,52.35,51.375,60.675,75.0,69.2,63.85,59.5,55.3,58.0,55.775,56.0,52.975,60.525,55.3,58.6,53.25,53.85,52.1,60.7,52.175,54.675,50.2,57.9,61.475
2004-09-08,56.225,65.675,77.35,70.725,69.95,65.125,65.975,65.1,66.225,68.425,68.2,61.6,66.45,74.275,59.05,66.675,66.05,66.475,60.6,65.1,64.025,63.875,59.925,58.95,57.825,64.625,72.3,74.925,63.375,53.175,48.85,49.475,51.85,63.35,71.475,76.95,83.025,82.75,63.875,45.675,34.05,43.875,48.45,61.775,66.625,74.525,78.125,74.525,70.525,55.975,46.25,36.575,41.675,49.075,63.8,69.325,70.9,70.05,68.425,59.4,55.175,50.4,48.125,48.275,49.225,41.075,60.775,70.475,66.525,72.475,65.7,71.675,56.975,56.525,55.4,53.375,55.4,27.675,35.475,43.8,55.125,65.25,66.95,66.225,56.725,60.625,62.375,26.925,27.875,32.55,36.7,47.275,49.775,53.5,58.55,58.8,63.975,31.425,27.1,31.85,34.8,35.475,43.675,44.575,47.625,51.9,55.925,28.6,27.875,28.95,26.025,31.825,33.45,38.9,40.1,41.175,47.15,25.7,26.75,23.575,24.475,28.95,35.35,34.925,41.75,23.875,25.35,27.725,35.15,36.0
2005-03-28,31.3,29.9,33.2,32.825,33.2,39.9,38.975,35.95,33.475,34.375,33.3,41.175,38.725,38.65,34.5,31.825,31.65,33.125,45.475,39.925,33.475,29.6,28.625,28.15,27.525,42.7,41.575,36.9,29.15,25.45,23.475,25.575,25.175,45.075,40.975,40.95,36.3,34.925,24.675,21.45,21.475,22.95,24.375,39.325,39.125,37.575,40.075,31.85,31.4,23.2,22.25,20.625,21.225,24.775,33.025,34.8,32.75,32.675,29.675,26.3,23.275,21.825,22.175,21.925,23.375,25.025,33.175,35.55,31.525,31.075,28.475,28.875,23.65,22.95,22.75,23.0,24.975,13.975,22.8,25.6,29.125,31.975,29.7,28.075,24.575,22.875,22.975,16.8,15.45,22.0,24.425,26.625,23.4,24.825,25.575,24.075,22.5,23.5,19.925,18.375,22.675,24.4,23.225,20.75,22.475,23.725,21.95,23.375,24.025,21.7,19.8,22.325,21.25,20.0,20.125,21.325,23.25,23.625,22.4,20.625,21.55,18.875,18.925,19.8,25.5,20.425,22.35,18.3,23.325,25.625
2006-09-01,34.475,37.2,42.55,39.4,37.8,37.325,37.025,37.25,38.625,39.05,38.425,34.15,36.15,37.75,38.875,38.625,39.65,38.225,33.35,34.65,36.15,36.85,36.5,36.5,37.675,34.1,35.05,35.7,34.625,33.875,34.025,34.425,34.625,28.425,31.175,34.65,35.7,35.975,34.125,33.225,35.775,35.8,33.8,25.825,28.0,32.2,34.025,34.2,34.9,30.875,32.775,33.175,33.05,32.925,23.725,27.475,27.775,29.45,32.15,30.8,31.45,31.725,32.55,32.95,32.6,11.75,21.95,27.4,26.275,30.375,28.825,32.75,31.875,33.075,33.425,34.075,33.65,2.925,8.025,13.7,20.4,25.8,25.725,30.3,32.275,35.275,35.225,2.55,3.95,6.9,10.125,16.825,21.4,24.775,31.125,31.55,35.75,5.4,3.975,6.1,7.7,11.775,18.7,20.85,23.875,27.45,33.2,7.2,6.35,5.95,4.95,8.225,13.0,18.8,21.05,22.95,30.4,7.075,6.575,5.325,10.225,14.025,19.55,21.075,29.65,10.05,12.125,18.15,24.15,28.35
2007-08-20,50.5,44.025,46.55,45.05,43.4,53.975,49.15,46.85,44.725,46.025,43.925,52.3,51.675,46.4,47.525,41.175,43.125,41.8,57.1,49.8,43.75,42.575,41.25,37.95,39.375,54.575,49.4,44.025,40.275,37.125,36.05,37.575,36.4,61.525,56.4,48.925,40.775,39.25,38.225,31.15,31.325,34.175,33.5,59.225,56.25,49.625,49.025,43.7,41.275,36.25,31.65,30.7,30.85,31.4,51.475,50.975,54.075,52.575,51.15,40.25,36.825,34.025,33.55,31.55,31.95,42.575,50.175,54.375,56.95,58.075,45.425,44.2,38.175,35.975,35.35,33.475,33.85,26.45,35.425,38.825,44.175,45.125,43.9,42.35,39.45,36.875,36.9,27.725,24.925,29.225,31.825,33.475,34.4,37.325,36.3,35.1,35.3,29.3,21.375,17.85,24.7,28.275,27.475,29.95,31.25,32.575,34.375,26.875,25.3,21.125,20.5,25.4,22.95,22.975,25.75,27.35,28.775,27.9,25.025,22.35,24.225,20.525,21.425,20.55,25.625,23.95,25.0,20.45,21.225,21.4
2008-12-11,24.225,25.175,25.025,24.775,25.725,25.925,24.75,24.75,24.275,24.525,24.65,23.95,24.875,24.2,24.625,23.825,25.075,25.075,26.75,26.125,23.4,23.1,22.1,21.95,23.1,25.375,28.475,27.375,21.975,19.1,18.425,19.775,21.375,29.775,29.225,29.625,27.35,26.8,20.225,15.875,16.625,18.0,20.525,26.425,27.6,27.3,31.125,24.95,26.825,18.375,16.9,16.8,19.65,23.2,32.05,30.1,26.6,22.025,22.95,20.65,21.0,19.875,21.1,22.925,25.7,33.675,35.975,34.1,26.65,26.975,21.225,27.575,25.7,26.05,27.175,28.875,30.1,38.55,38.075,31.85,31.5,33.7,28.175,25.85,29.225,32.4,35.35,38.175,33.8,33.825,30.325,34.6,30.375,33.675,31.625,31.6,36.975,35.85,31.5,28.875,31.8,30.45,32.15,29.8,30.425,34.75,33.7,33.825,33.5,33.375,29.5,30.0,29.175,28.675,27.425,29.325,32.7,31.3,32.35,28.275,31.475,27.975,27.6,29.5,35.375,28.4,32.25,27.325,35.425,36.775
2009-06-17,28.05,25.725,26.3,24.85,24.125,33.525,29.375,26.2,25.525,25.025,24.725,34.65,33.15,30.875,30.0,26.4,25.65,24.675,35.1,33.75,31.85,30.675,29.525,26.85,27.0,34.9,34.3,33.4,31.825,30.0,29.3,29.975,28.8,36.35,35.325,33.375,31.6,31.95,31.475,28.875,29.8,29.725,28.6,35.475,36.925,36.5,35.075,32.45,32.65,30.35,29.425,29.025,29.35,29.7,37.475,38.75,41.5,40.2,40.0,33.7,32.75,30.675,31.45,30.125,30.725,34.0,38.2,38.825,43.625,45.4,37.225,38.05,33.2,32.675,32.95,31.9,32.675,29.6,31.45,31.4,34.3,36.575,39.15,37.125,36.15,34.8,34.85,27.7,25.05,25.525,25.65,30.0,32.325,35.15,32.175,33.125,34.275,26.625,19.475,16.825,21.3,22.675,25.4,28.8,27.325,29.275,30.875,24.275,22.075,21.075,17.875,20.8,20.5,21.15,21.825,22.9,24.775,21.5,21.6,18.75,18.5,17.525,19.075,19.425,20.275,17.825,18.325,16.6,18.4,15.325
2010-09-30,43.425,48.25,52.65,46.925,48.175,44.85,43.275,46.65,44.375,44.05,44.6,40.2,43.0,38.6,38.875,41.275,43.675,44.85,39.95,37.225,35.175,33.675,32.6,35.35,38.425,40.375,37.7,35.575,31.1,26.025,24.425,25.85,25.975,38.5,38.625,36.25,35.625,35.325,27.825,17.925,18.25,22.175,22.6,35.425,36.15,37.325,35.0,33.55,32.1,23.625,18.825,18.075,19.75,21.8,33.625,32.675,33.55,31.25,31.675,27.625,25.75,23.65,23.325,23.3,23.75,27.05,30.825,33.0,30.875,32.275,28.775,31.225,29.5,30.025,29.8,28.525,27.4,15.975,23.025,25.975,28.475,29.825,29.95,30.85,32.625,36.1,36.6,19.0,19.7,21.925,22.35,26.05,26.8,29.775,33.9,33.75,38.8,27.775,27.5,27.0,25.275,23.175,25.075,26.025,32.15,34.825,36.575,20.85,23.125,27.25,25.275,24.95,24.55,24.7,29.925,30.95,33.025,19.775,22.475,20.475,22.625,21.825,25.125,27.325,33.8,20.15,22.225,23.75,31.45,35.075
2011-09-06,63.95,68.175,74.1,64.5,66.9,69.5,65.275,67.65,62.45,60.8,61.95,65.225,67.275,59.475,58.35,59.075,61.8,63.975,65.1,59.775,55.15,52.35,50.05,52.225,56.2,65.875,59.725,55.625,48.925,42.1,39.875,41.425,42.125,63.2,62.925,58.0,54.35,53.625,44.825,31.7,32.8,37.6,38.6,60.075,62.025,63.625,58.425,53.875,51.225,39.125,32.175,31.275,33.25,36.35,59.275,61.325,62.25,55.825,54.075,43.0,39.5,36.3,35.675,36.15,37.85,46.95,55.0,62.275,58.05,56.25,45.9,46.125,41.025,40.2,39.45,39.45,40.425,26.825,37.9,44.2,50.25,51.05,48.625,45.85,43.575,43.7,41.8,30.05,30.4,34.225,36.4,42.875,41.425,43.55,42.775,39.525,41.85,41.05,37.025,35.6,35.825,35.225,36.075,37.575,40.175,41.175,39.725,36.05,35.425,37.925,34.625,35.2,33.075,32.8,35.975,35.675,36.725,34.375,35.225,30.725,30.725,28.225,30.725,28.525,35.55,29.525,30.15,26.9,30.925,32.25
